hour,H2 Cavern,CAES Diabatic,BATTERY Li-ion
1,0.0,136.0,4346.0
2,0.0,136.0,4346.0
3,0.0,136.0,4346.0
4,0.0,136.0,4346.0
5,0.0,136.0,4346.0
6,43513.356974380295,136.0,4346.0
7,0.0,136.0,4346.0
8,0.0,136.0,4346.0
9,0.0,136.0,4346.0
10,0.0,136.0,4346.0
11,0.0,136.0,4346.0
12,44133.00852650117,136.0,4553.757218928402
13,0.0,136.0,4553.757218928402
14,0.0,136.0,4553.757218928402
15,0.0,136.0,6649.322529292171
16,0.0,136.0,8692.0
17,0.0,136.0,8692.0
18,44752.66007862205,136.0,6438.703967350786
19,0.0,136.0,4185.407934701572
20,0.0,136.0,4185.407934701572
21,0.0,136.0,2253.296032649214
22,0.0,136.0,0.0
23,0.0,136.0,0.0
24,45372.31163074293,136.0,0.0
25,0.0,136.0,0.0
26,0.0,136.0,2095.565310363769
27,0.0,136.0,2095.565310363769
28,0.0,136.0,4191.130620727538
29,0.0,136.0,4191.130620727538
30,45991.96318286381,136.0,4191.130620727538
31,0.0,136.0,3742.129674800224
32,0.0,136.0,3742.129674800224
33,0.0,136.0,3742.129674800224
34,0.0,136.0,3359.268348169438
35,0.0,136.0,3359.268348169438
36,46611.61473498469,136.0,3359.268348169438
37,0.0,136.0,5454.833658533207
38,0.0,183.11178196587343,7550.398968896976
39,0.0,183.11178196587343,8692.0
40,0.0,183.11178196587343,8692.0
41,0.0,183.11178196587343,8692.0
42,47231.266287105565,183.11178196587343,6438.703967350786
43,0.0,183.11178196587343,4185.407934701572
44,0.0,183.11178196587343,2405.3040689086934
45,0.0,183.11178196587343,2405.3040689086934
46,0.0,183.11178196587343,2405.3040689086934
47,0.0,183.11178196587343,2405.3040689086934
48,47850.91783922645,183.11178196587343,4500.869379272463
49,0.0,183.11178196587343,4500.869379272463
50,0.0,183.11178196587343,6596.434689636231
51,0.0,224.8882180341265,6596.434689636231
52,0.0,272.0,8692.0
53,0.0,272.0,8692.0
54,48470.56939134732,272.0,8692.0
55,0.0,272.0,6704.383613364739
56,0.0,272.0,6704.383613364739
57,0.0,272.0,6704.383613364739
58,0.0,272.0,6704.383613364739
59,0.0,272.0,8692.0
60,49090.2209434682,272.0,8428.433926084323
61,0.0,272.0,8031.730828225926
62,0.0,272.0,8031.730828225926
63,0.0,272.0,5778.4347955767125
64,0.0,272.0,4863.347928431679
65,0.0,272.0,2610.051895782465
66,49709.87249558908,272.0,356.7558631332513
67,0.0,272.0,0.0
68,0.0,272.0,0.0
69,0.0,272.0,0.0
70,0.0,272.0,0.0
71,0.0,272.0,0.0
72,50329.52404770996,272.0,0.0
73,0.0,272.0,2095.565310363769
74,0.0,272.0,2095.565310363769
75,0.0,272.0,4191.130620727538
76,0.0,272.0,6286.695931091308
77,0.0,272.0,6596.434689636231
78,50949.17559983084,272.0,8692.0
79,0.0,272.0,8549.592958917703
80,0.0,272.0,8549.592958917703
81,0.0,272.0,8549.592958917703
82,0.0,272.0,6596.434689636231
83,0.0,272.0,6596.434689636231
84,51568.82715195172,272.0,6596.434689636231
85,0.0,272.0,6596.434689636231
86,0.0,272.0,8692.0
87,0.0,272.0,8692.0
88,0.0,272.0,8692.0
89,0.0,272.0,8692.0
90,52188.47870407259,247.4626135594409,6438.703967350786
91,0.0,247.4626135594409,4185.407934701572
92,0.0,247.4626135594409,2253.296032649214
93,0.0,247.4626135594409,0.0
94,0.0,247.4626135594409,0.0
95,0.0,247.4626135594409,0.0
96,52808.13025619347,247.4626135594409,0.0
97,0.0,247.4626135594409,30.31339275086691
98,0.0,247.4626135594409,309.73875854492417
99,0.0,247.4626135594409,2405.3040689086934
100,0.0,247.4626135594409,4500.869379272463
101,0.0,247.4626135594409,6596.434689636231
102,53427.78180831435,247.4626135594409,8692.0
103,0.0,247.4626135594409,8692.0
104,0.0,247.4626135594409,8692.0
105,0.0,247.4626135594409,8692.0
106,0.0,247.4626135594409,8692.0
107,0.0,247.4626135594409,8692.0
108,52776.26531703112,247.4626135594409,8692.0
109,0.0,247.4626135594409,8692.0
110,0.0,247.4626135594409,8692.0
111,0.0,247.4626135594409,8692.0
112,0.0,247.4626135594409,8692.0
113,0.0,247.4626135594409,8692.0
114,52124.7488257479,222.92522711888185,6438.703967350786
115,0.0,198.38784067832276,4877.878407268452
116,0.0,173.85045423776364,3179.497217329968
117,0.0,149.31306779720455,926.201184680754
118,0.0,124.77568135664546,0.0
119,0.0,100.23829491608636,0.0
120,51473.23233446467,100.23829491608636,0.0
121,0.0,100.23829491608636,0.0
122,0.0,100.23829491608636,0.0
123,0.0,100.23829491608636,0.0
124,0.0,100.23829491608636,0.0
125,0.0,100.23829491608636,0.0
126,50821.715843181446,98.14954576223636,0.0
127,0.0,73.61215932167728,0.0
128,0.0,73.61215932167728,0.0
129,0.0,49.074772881118186,0.0
130,0.0,24.537386440559093,0.0
131,0.0,24.537386440559093,0.0
132,50170.19935189822,24.537386440559093,0.0
133,0.0,24.537386440559093,0.0
134,0.0,24.537386440559093,2095.565310363769
135,0.0,24.537386440559093,2253.296032649214
136,0.0,24.537386440559093,2253.296032649214
137,0.0,24.537386440559093,2253.296032649214
138,49518.682860614994,0.0,0.0
139,0.0,0.0,0.0
140,0.0,0.0,0.0
141,0.0,0.0,0.0
142,0.0,0.0,0.0
143,0.0,0.0,0.0
144,50138.33441273587,0.0,0.0
145,0.0,0.0,0.0
146,0.0,0.0,0.0
147,0.0,0.0,0.0
148,0.0,0.0,2095.565310363769
149,0.0,0.0,4191.130620727538
150,50757.98596485675,0.0,4191.130620727538
151,0.0,0.0,4191.130620727538
152,0.0,0.0,2253.296032649214
153,0.0,0.0,0.0
154,0.0,0.0,0.0
155,0.0,0.0,0.0
156,51377.63751697763,0.0,0.0
157,0.0,0.0,1272.7708281967466
158,0.0,0.0,3368.336138560516
159,0.0,0.0,3368.336138560516
160,0.0,0.0,3368.336138560516
161,0.0,0.0,3368.336138560516
162,51997.28906909851,0.0,1115.040105911302
163,0.0,0.0,1115.040105911302
164,0.0,0.0,0.0
165,0.0,0.0,0.0
166,0.0,0.0,0.0
167,0.0,0.0,0.0
168,52616.940621219386,0.0,692.7799661299606
169,0.0,0.0,1019.652865772218
170,0.0,0.0,3115.218176135987
171,0.0,0.0,5074.20429296234
172,0.0,0.0,6596.434689636231
173,0.0,0.0,8692.0
174,53236.592173340265,0.0,8692.0
175,0.0,0.0,6438.703967350786
176,0.0,0.0,4185.407934701572
177,0.0,0.0,2959.1433641875938
178,0.0,0.0,2253.296032649214
179,0.0,0.0,2253.296032649214
180,53856.24372546114,0.0,2253.296032649214
181,0.0,0.0,2253.296032649214
182,0.0,0.0,2253.296032649214
183,0.0,0.0,2253.296032649214
184,0.0,0.0,2253.296032649214
185,0.0,0.0,2253.296032649214
186,54475.89527758202,0.0,0.0
187,0.0,0.0,0.0
188,0.0,0.0,0.0
189,0.0,0.0,0.0
190,0.0,0.0,0.0
191,0.0,0.0,0.0
192,55095.5468297029,0.0,2095.565310363769
193,0.0,0.0,2736.477609953328
194,0.0,0.0,4832.042920317097
195,0.0,0.0,4832.042920317097
196,0.0,0.0,4832.042920317097
197,0.0,0.0,6927.608230680866
198,55715.19838182378,0.0,6927.608230680866
199,0.0,0.0,4674.312198031652
200,0.0,0.0,2421.016165382438
201,0.0,0.0,167.72013273322432
202,0.0,0.0,167.72013273322432
203,0.0,0.0,167.72013273322432
204,56334.84993394466,0.0,167.72013273322432
205,0.0,0.0,1616.312579369125
206,0.0,0.0,1616.312579369125
207,0.0,0.0,1616.312579369125
208,0.0,0.0,2253.296032649214
209,0.0,0.0,2253.296032649214
210,56954.501486065536,0.0,0.0
211,0.0,0.0,0.0
212,0.0,0.0,0.0
213,0.0,0.0,0.0
214,0.0,0.0,0.0
215,0.0,0.0,0.0
216,57574.153038186414,0.0,1003.2227552215404
217,0.0,0.0,1003.2227552215404
218,0.0,0.0,3098.7880655853096
219,0.0,0.0,3098.7880655853096
220,0.0,0.0,3098.7880655853096
221,0.0,0.0,3098.7880655853096
222,58193.80459030729,0.0,3098.7880655853096
223,0.0,0.0,3098.7880655853096
224,0.0,0.0,3098.7880655853096
225,0.0,0.0,3098.7880655853096
226,0.0,0.0,3098.7880655853096
227,0.0,0.0,2040.225576755884
228,58813.45614242817,0.0,0.0
229,0.0,0.0,1811.6468372228944
230,0.0,0.0,2253.296032649214
231,0.0,0.0,2253.296032649214
232,0.0,0.0,2253.296032649214
233,0.0,0.0,2253.296032649214
234,59433.10769454905,0.0,0.0
235,0.0,0.0,0.0
236,0.0,0.0,0.0
237,0.0,0.0,0.0
238,0.0,0.0,0.0
239,0.0,0.0,0.0
240,60052.75924666993,0.0,0.0
241,0.0,0.0,0.0
242,0.0,0.0,0.0
243,0.0,0.0,0.0
244,0.0,0.0,0.0
245,0.0,0.0,0.0
246,60672.41079879081,0.0,0.0
247,0.0,0.0,0.0
248,0.0,0.0,0.0
249,0.0,0.0,0.0
250,0.0,0.0,0.0
251,0.0,0.0,0.0
252,61292.062350911685,0.0,0.0
253,0.0,0.0,0.0
254,0.0,0.0,376.0330848468029
255,0.0,0.0,2471.598395210572
256,0.0,0.0,4567.163705574341
257,0.0,0.0,6662.72901593811
258,61911.71390303256,0.0,4409.432983288896
259,0.0,0.0,3433.3251294255992
260,0.0,0.0,2777.793061710551
261,0.0,0.0,2550.3624875724345
262,0.0,0.0,3240.352298760411
263,0.0,0.0,4565.864340635251
264,62531.36545515344,0.0,4565.864340635251
265,0.0,47.11178196587346,4565.864340635251
266,0.0,83.55287213650615,4565.864340635251
267,0.0,130.6646541023796,6661.429650999021
268,0.0,177.77643606825308,6661.429650999021
269,0.0,224.8882180341265,8692.0
270,63151.01700727432,272.0,8692.0
271,0.0,272.0,8692.0
272,0.0,272.0,8692.0
273,0.0,272.0,6438.703967350786
274,0.0,272.0,4185.407934701572
275,0.0,272.0,4185.407934701572
276,63770.6685593952,272.0,4185.407934701572
277,0.0,272.0,4664.322787583873
278,0.0,272.0,4664.322787583873
279,0.0,272.0,6759.888097947642
280,0.0,272.0,6759.888097947642
281,0.0,272.0,4506.592065298428
282,64390.32011151608,272.0,2253.296032649214
283,0.0,272.0,0.0
284,0.0,272.0,0.0
285,0.0,272.0,0.0
286,0.0,272.0,0.0
287,0.0,272.0,0.0
288,65009.97166363696,272.0,1321.651211142518
289,0.0,272.0,3417.216521506287
290,0.0,272.0,5512.781831870056
291,0.0,272.0,6596.434689636231
292,0.0,272.0,8692.0
293,0.0,272.0,8692.0
294,65629.62321575783,272.0,8692.0
295,0.0,272.0,6438.703967350786
296,0.0,272.0,4185.407934701572
297,0.0,272.0,1932.1119020523583
298,0.0,272.0,52.572788772110925
299,0.0,272.0,52.572788772110925
300,66249.27476787871,272.0,2148.13809913588
301,0.0,272.0,2148.13809913588
302,0.0,272.0,3446.5783170049517
303,0.0,272.0,3446.5783170049517
304,0.0,272.0,3446.5783170049517
305,0.0,272.0,3446.5783170049517
306,66868.92631999959,272.0,1193.2822843557374
307,0.0,272.0,1193.2822843557374
308,0.0,272.0,1193.2822843557374
309,0.0,272.0,1193.2822843557374
310,0.0,272.0,1193.2822843557374
311,0.0,272.0,0.0
312,67488.57787212047,272.0,2095.565310363769
313,0.0,272.0,2095.565310363769
314,0.0,272.0,2095.565310363769
315,0.0,272.0,2783.370134569743
316,0.0,272.0,4878.935444933512
317,0.0,272.0,6596.434689636231
318,68108.22942424135,272.0,8692.0
319,0.0,272.0,6438.703967350786
320,0.0,272.0,4185.407934701572
321,0.0,272.0,1932.1119020523583
322,0.0,272.0,1932.1119020523583
323,0.0,272.0,4027.677212416128
324,68727.88097636223,272.0,4027.677212416128
325,0.0,272.0,4027.677212416128
326,0.0,272.0,6123.242522779897
327,0.0,272.0,6596.434689636231
328,0.0,272.0,8692.0
329,0.0,272.0,8692.0
330,69347.5325284831,272.0,6438.703967350786
331,0.0,272.0,5277.889081301291
332,0.0,272.0,3024.5930486520774
333,0.0,272.0,3024.5930486520774
334,0.0,272.0,2253.296032649214
335,0.0,272.0,0.0
336,68696.01603719988,272.0,0.0
337,0.0,272.0,0.0
338,0.0,272.0,2095.565310363769
339,0.0,272.0,2095.565310363769
340,0.0,272.0,2095.565310363769
341,0.0,272.0,2095.565310363769
342,68044.49954591665,272.0,2095.565310363769
343,0.0,272.0,2095.565310363769
344,0.0,272.0,0.0
345,0.0,272.0,0.0
346,0.0,272.0,0.0
347,0.0,272.0,0.0
348,67392.98305463343,272.0,4.731238184265184
349,0.0,272.0,2100.2965485480345
350,0.0,272.0,4195.861858911803
351,0.0,272.0,6291.427169275572
352,0.0,272.0,8386.99247963934
353,0.0,272.0,8386.99247963934
354,66741.4665633502,272.0,6133.696446990127
355,0.0,272.0,4943.539432815031
356,0.0,272.0,4943.539432815031
357,0.0,272.0,4943.539432815031
358,0.0,272.0,4943.539432815031
359,0.0,272.0,4943.539432815031
360,66089.95007206697,272.0,6596.434689636231
361,0.0,272.0,8692.0
362,0.0,272.0,8692.0
363,0.0,272.0,8692.0
364,0.0,272.0,8692.0
365,0.0,272.0,8692.0
366,66709.60162418785,272.0,8692.0
367,0.0,272.0,8692.0
368,0.0,272.0,8692.0
369,0.0,272.0,8692.0
370,0.0,272.0,8692.0
371,0.0,272.0,8692.0
372,67329.25317630873,272.0,8692.0
373,0.0,272.0,8692.0
374,0.0,272.0,8692.0
375,0.0,272.0,8692.0
376,0.0,272.0,8692.0
377,0.0,272.0,6438.703967350786
378,67948.90472842961,247.4626135594409,4185.407934701572
379,0.0,247.4626135594409,4185.407934701572
380,0.0,247.4626135594409,1932.1119020523583
381,0.0,247.4626135594409,0.0
382,0.0,247.4626135594409,0.0
383,0.0,247.4626135594409,0.0
384,67297.38823714638,247.4626135594409,157.7307222854447
385,0.0,247.4626135594409,2253.296032649214
386,0.0,247.4626135594409,2253.296032649214
387,0.0,247.4626135594409,0.0
388,0.0,247.4626135594409,0.0
389,0.0,247.4626135594409,0.0
390,66645.87174586316,247.4626135594409,0.0
391,0.0,247.4626135594409,0.0
392,0.0,247.4626135594409,0.0
393,0.0,247.4626135594409,0.0
394,0.0,247.4626135594409,0.0
395,0.0,247.4626135594409,470.2248490512748
396,65994.35525457993,247.4626135594409,2565.790159415044
397,0.0,247.4626135594409,4661.355469778813
398,0.0,272.0,6756.920780142582
399,0.0,272.0,8692.0
400,0.0,272.0,8692.0
401,0.0,272.0,8692.0
402,65994.35525457993,272.0,6438.703967350786
403,0.0,272.0,6438.703967350786
404,0.0,272.0,6438.703967350786
405,0.0,272.0,6438.703967350786
406,0.0,272.0,6438.703967350786
407,0.0,272.0,6438.703967350786
408,65342.8387632967,272.0,7941.640415338497
409,0.0,272.0,7941.640415338497
410,0.0,272.0,8692.0
411,0.0,272.0,8692.0
412,0.0,272.0,8692.0
413,0.0,272.0,8692.0
414,64691.32227201347,272.0,8692.0
415,0.0,272.0,8692.0
416,0.0,272.0,8692.0
417,0.0,272.0,8692.0
418,0.0,272.0,8692.0
419,0.0,272.0,8692.0
420,64039.80578073025,272.0,8692.0
421,0.0,272.0,8692.0
422,0.0,272.0,8692.0
423,0.0,272.0,8692.0
424,0.0,272.0,8692.0
425,0.0,272.0,7833.250241445276
426,63388.28928944702,247.4626135594409,5579.954208796062
427,0.0,222.92522711888185,3326.6581761468474
428,0.0,222.92522711888185,1505.880439267092
429,0.0,222.92522711888185,238.4488796441916
430,0.0,222.92522711888185,0.0
431,0.0,222.92522711888185,0.0
432,62736.7727981638,222.92522711888185,0.0
433,0.0,222.92522711888185,1090.3515753696838
434,0.0,222.92522711888185,1873.7134954912483
435,0.0,270.03700908475525,3949.184912516284
436,0.0,272.0,6044.750222880053
437,0.0,272.0,7881.886036284294
438,62085.25630688057,272.0,8692.0
439,0.0,272.0,8692.0
440,0.0,272.0,8692.0
441,0.0,247.4626135594409,6438.703967350786
442,0.0,222.92522711888185,4185.407934701572
443,0.0,198.38784067832276,3743.5972723552495
444,61433.73981559734,198.38784067832276,3819.36889962661
445,0.0,198.38784067832276,4613.425287896469
446,0.0,198.38784067832276,6187.123235230576
447,0.0,198.38784067832276,8084.412823878743
448,0.0,198.38784067832276,8692.0
449,0.0,173.85045423776364,6920.74666917759
450,60782.22332431412,149.31306779720455,4667.450636528376
451,0.0,124.77568135664546,2414.154603879162
452,0.0,100.23829491608636,677.6634678681014
453,0.0,75.70090847552729,0.0
454,0.0,75.70090847552729,0.0
455,0.0,75.70090847552729,0.0
456,60130.70683303089,75.70090847552729,560.8462544046711
457,0.0,75.70090847552729,1523.1115700539426
458,0.0,75.70090847552729,3129.325551652398
459,0.0,102.07552759272582,4960.616346392461
460,0.0,149.18730955859928,6886.792455610423
461,0.0,149.18730955859928,8213.408495876698
462,59479.190341747664,196.29909152447277,8692.0
463,0.0,196.29909152447277,8692.0
464,0.0,196.29909152447277,7520.5425085444895
465,0.0,171.76170508391365,5267.246475895276
466,0.0,147.22431864335456,3013.9504432460617
467,0.0,147.22431864335456,2272.381135979745
468,58827.67385046444,147.22431864335456,3386.6254664423
469,0.0,147.22431864335456,4925.313939031013
470,0.0,147.22431864335456,7020.879249394782
471,0.0,147.22431864335456,8692.0
472,0.0,122.68693220279546,7983.031239866753
473,0.0,98.14954576223636,5729.735207217539
474,58176.15735918121,73.61215932167728,3476.439174568325
475,0.0,49.074772881118186,1223.1431419191113
476,0.0,24.537386440559093,694.8737590527794
477,0.0,0.0,0.0
478,0.0,0.0,0.0
479,0.0,0.0,0.0
480,57524.64086789799,0.0,0.0
481,0.0,0.0,0.0
482,0.0,0.0,0.0
483,0.0,0.0,0.0
484,0.0,0.0,2095.565310363769
485,0.0,0.0,2095.565310363769
486,56873.12437661476,0.0,4191.130620727538
487,0.0,0.0,4191.130620727538
488,0.0,0.0,1937.8345880783245
489,0.0,0.0,56.94225527084645
490,0.0,0.0,0.0
491,0.0,0.0,0.0
492,56221.607885331534,0.0,2095.565310363769
493,0.0,0.0,2411.0267549346586
494,0.0,24.537386440559093,4506.592065298428
495,0.0,24.537386440559093,4506.592065298428
496,0.0,24.537386440559093,4506.592065298428
497,0.0,24.537386440559093,4506.592065298428
498,55570.09139404831,0.0,2253.296032649214
499,0.0,0.0,0.0
500,0.0,0.0,0.0
501,0.0,0.0,0.0
502,0.0,0.0,0.0
503,0.0,0.0,0.0
504,54918.57490276508,0.0,0.0
505,0.0,0.0,0.0
506,0.0,0.0,2095.565310363769
507,0.0,1.962990915244724,4191.130620727538
508,0.0,1.962990915244724,5969.058313714902
509,0.0,1.962990915244724,8064.623624078672
510,54267.058411481856,1.962990915244724,8064.623624078672
511,0.0,1.962990915244724,8064.623624078672
512,0.0,1.962990915244724,8064.623624078672
513,0.0,1.962990915244724,7622.438486220552
514,0.0,1.962990915244724,6675.594618265783
515,0.0,1.962990915244724,6675.594618265783
516,53615.54192019863,49.074772881118186,7886.195651896912
517,0.0,49.074772881118186,8692.0
518,0.0,49.074772881118186,8692.0
519,0.0,49.074772881118186,8692.0
520,0.0,49.074772881118186,8214.97006074071
521,0.0,49.074772881118186,6373.140000261972
522,52964.0254289154,24.537386440559093,4119.843967612758
523,0.0,0.0,1866.5479349635448
524,0.0,0.0,504.7124519219284
525,0.0,0.0,0.0
526,0.0,0.0,0.0
527,0.0,0.0,0.0
528,52312.50893763218,0.0,0.0
529,0.0,0.0,0.0
530,0.0,0.0,395.06661675117937
531,0.0,0.0,1485.0663193363887
532,0.0,0.0,3247.45566978787
533,0.0,0.0,3247.45566978787
534,51660.99244634895,0.0,3737.604351408548
535,0.0,0.0,3737.604351408548
536,0.0,0.0,3634.260347431926
537,0.0,0.0,1520.0098887051818
538,0.0,0.0,0.0
539,0.0,0.0,0.0
540,51009.475955065725,0.0,0.0
541,0.0,0.0,271.2118563959868
542,0.0,0.0,2366.777166759756
543,0.0,0.0,2366.777166759756
544,0.0,0.0,2366.777166759756
545,0.0,0.0,2366.777166759756
546,50357.9594637825,0.0,113.48113411054192
547,0.0,0.0,0.0
548,0.0,0.0,0.0
549,0.0,0.0,0.0
550,0.0,0.0,0.0
551,0.0,0.0,0.0
552,49706.44297249927,0.0,0.0
553,0.0,0.0,0.0
554,0.0,0.0,0.0
555,0.0,0.0,0.0
556,0.0,0.0,0.0
557,0.0,0.0,2095.565310363769
558,49054.92648121605,0.0,3130.089373824875
559,0.0,0.0,3130.089373824875
560,0.0,0.0,3130.089373824875
561,0.0,0.0,3130.089373824875
562,0.0,0.0,2735.4187274565684
563,0.0,0.0,1099.613509155345
564,48403.40998993282,0.0,1418.6036587277697
565,0.0,0.0,2405.3040689086934
566,0.0,0.0,4500.869379272463
567,0.0,0.0,6596.434689636231
568,0.0,0.0,8692.0
569,0.0,0.0,8692.0
570,47751.8934986496,0.0,6438.703967350786
571,0.0,0.0,6438.703967350786
572,0.0,0.0,5390.036340076936
573,0.0,0.0,4060.085615064586
574,0.0,0.0,4060.085615064586
575,0.0,0.0,4060.085615064586
576,47100.37700736637,0.0,6155.650925428356
577,0.0,0.0,6596.434689636231
578,0.0,0.0,8692.0
579,0.0,0.0,8692.0
580,0.0,0.0,8692.0
581,0.0,0.0,8692.0
582,46448.86051608314,0.0,8692.0
583,0.0,0.0,8692.0
584,0.0,0.0,8692.0
585,0.0,0.0,8692.0
586,0.0,0.0,8692.0
587,0.0,0.0,8692.0
588,45797.34402479992,0.0,8692.0
589,0.0,0.0,8692.0
590,0.0,0.0,8692.0
591,0.0,0.0,8692.0
592,0.0,0.0,8692.0
593,0.0,0.0,8692.0
594,45145.82753351669,0.0,6438.703967350786
595,0.0,0.0,5652.884333164056
596,0.0,0.0,5340.146121617696
597,0.0,0.0,3086.850088968482
598,0.0,0.0,833.554056319268
599,0.0,0.0,0.0
600,44494.311042233465,0.0,0.0
601,0.0,0.0,0.0
602,0.0,0.0,2095.565310363769
603,0.0,0.0,4191.130620727538
604,0.0,0.0,4191.130620727538
605,0.0,0.0,4459.1037179041805
606,43842.79455095024,0.0,4459.1037179041805
607,0.0,0.0,3676.686436653969
608,0.0,0.0,1800.0110006270022
609,0.0,0.0,0.0
610,0.0,0.0,0.0
611,0.0,0.0,0.0
612,43191.27805966701,0.0,0.0
613,0.0,0.0,0.0
614,0.0,0.0,0.0
615,0.0,0.0,0.0
616,0.0,0.0,2095.565310363769
617,0.0,0.0,4191.130620727538
618,42539.76156838379,0.0,1937.8345880783245
619,0.0,0.0,1937.8345880783245
620,0.0,0.0,0.0
621,0.0,0.0,0.0
622,0.0,0.0,0.0
623,0.0,0.0,0.0
624,41888.24507710056,0.0,2095.565310363769
625,0.0,24.537386440559093,4191.130620727538
626,0.0,24.537386440559093,4606.20422907397
627,0.0,24.537386440559093,4606.20422907397
628,0.0,24.537386440559093,4606.20422907397
629,0.0,24.537386440559093,4606.20422907397
630,41236.728585817335,24.537386440559093,4635.993594453457
631,0.0,24.537386440559093,4635.993594453457
632,0.0,24.537386440559093,4635.993594453457
633,0.0,24.537386440559093,4635.993594453457
634,0.0,24.537386440559093,2382.697561804244
635,0.0,24.537386440559093,2957.8336529260578
636,40585.21209453411,24.537386440559093,4500.869379272463
637,0.0,24.537386440559093,6596.434689636231
638,0.0,24.537386440559093,8692.0
639,0.0,24.537386440559093,8692.0
640,0.0,24.537386440559093,8692.0
641,0.0,24.537386440559093,8295.334669837439
642,39933.69560325088,0.0,6042.038637188225
643,0.0,0.0,3788.742604539011
644,0.0,0.0,2253.296032649214
645,0.0,0.0,0.0
646,0.0,0.0,0.0
647,0.0,0.0,0.0
648,39282.179111967656,0.0,0.0
649,0.0,0.0,0.0
650,0.0,0.0,0.0
651,0.0,0.0,0.0
652,0.0,0.0,0.0
653,0.0,0.0,2095.565310363769
654,38630.66262068443,0.0,2095.565310363769
655,0.0,0.0,2095.565310363769
656,0.0,0.0,153.15419847614658
657,0.0,0.0,153.15419847614658
658,0.0,0.0,0.0
659,0.0,0.0,0.0
660,37979.1461294012,0.0,0.0
661,0.0,0.0,2095.565310363769
662,0.0,0.0,2095.565310363769
663,0.0,0.0,2253.296032649214
664,0.0,0.0,2253.296032649214
665,0.0,0.0,2253.296032649214
666,37327.62963811798,0.0,0.0
667,0.0,0.0,0.0
668,0.0,0.0,0.0
669,0.0,0.0,0.0
670,0.0,0.0,0.0
671,0.0,0.0,0.0
672,36676.11314683475,47.11178196587346,2095.565310363769
673,0.0,47.11178196587346,2095.565310363769
674,0.0,47.11178196587346,4191.130620727538
675,0.0,47.11178196587346,5128.697342919371
676,0.0,83.55287213650615,5480.735307128851
677,0.0,130.6646541023796,5688.183521351435
678,36024.596655551526,130.6646541023796,5688.183521351435
679,0.0,130.6646541023796,5688.183521351435
680,0.0,130.6646541023796,5688.183521351435
681,0.0,130.6646541023796,5688.183521351435
682,0.0,130.6646541023796,5688.183521351435
683,0.0,130.6646541023796,6814.62315313842
684,35373.0801642683,177.77643606825308,6814.62315313842
685,0.0,224.8882180341265,7265.408479212606
686,0.0,272.0,8327.102043628041
687,0.0,272.0,8692.0
688,0.0,272.0,8692.0
689,0.0,272.0,8692.0
690,34721.563672985074,272.0,8161.099770200878
691,0.0,272.0,7365.918793491331
692,0.0,272.0,5769.002476412039
693,0.0,272.0,4212.554978197835
694,0.0,272.0,3260.598596380324
695,0.0,272.0,2983.637914877282
696,34070.04718170185,272.0,2983.637914877282
697,0.0,272.0,3102.5484740195798
698,0.0,272.0,3728.048181521956
699,0.0,272.0,3728.048181521956
700,0.0,272.0,3728.048181521956
701,0.0,272.0,3728.048181521956
702,33418.53069041862,272.0,3728.048181521956
703,0.0,272.0,3728.048181521956
704,0.0,272.0,2828.2307526315776
705,0.0,247.4626135594409,574.9347199823637
706,0.0,247.4626135594409,0.0
707,0.0,247.4626135594409,0.0
708,32767.014199135392,247.4626135594409,0.0
709,0.0,247.4626135594409,157.7307222854447
710,0.0,247.4626135594409,2253.296032649214
711,0.0,247.4626135594409,2253.296032649214
712,0.0,247.4626135594409,2253.296032649214
713,0.0,247.4626135594409,2253.296032649214
714,32115.49770785217,247.4626135594409,0.0
715,0.0,247.4626135594409,0.0
716,0.0,247.4626135594409,0.0
717,0.0,247.4626135594409,0.0
718,0.0,247.4626135594409,0.0
719,0.0,247.4626135594409,0.0
720,31463.98121656894,247.4626135594409,2095.565310363769
721,0.0,247.4626135594409,4191.130620727538
722,0.0,247.4626135594409,6286.695931091308
723,0.0,247.4626135594409,6286.695931091308
724,0.0,247.4626135594409,6286.695931091308
725,0.0,247.4626135594409,6286.695931091308
726,30812.464725285718,247.4626135594409,6286.695931091308
727,0.0,247.4626135594409,6286.695931091308
728,0.0,247.4626135594409,6286.695931091308
729,0.0,247.4626135594409,5443.906445719684
730,0.0,247.4626135594409,4500.869379272463
731,0.0,247.4626135594409,4500.869379272463
732,30160.948234002488,247.4626135594409,4500.869379272463
733,0.0,247.4626135594409,4500.869379272463
734,0.0,247.4626135594409,6596.434689636231
735,0.0,247.4626135594409,8692.0
736,0.0,247.4626135594409,8692.0
737,0.0,247.4626135594409,8692.0
738,29509.431742719265,222.92522711888185,6438.703967350786
739,0.0,198.38784067832276,4185.407934701572
740,0.0,173.85045423776364,1932.1119020523583
741,0.0,149.31306779720455,0.0
742,0.0,124.77568135664546,0.0
743,0.0,124.77568135664546,0.0
744,28857.91525143604,124.77568135664546,0.0
745,0.0,124.77568135664546,0.0
746,0.0,124.77568135664546,0.0
747,0.0,124.77568135664546,0.0
748,0.0,124.77568135664546,0.0
749,0.0,124.77568135664546,0.0
750,28206.39876015281,124.77568135664546,0.0
751,0.0,124.77568135664546,0.0
752,0.0,124.77568135664546,0.0
753,0.0,124.77568135664546,0.0
754,0.0,124.77568135664546,2037.4734187997976
755,0.0,124.77568135664546,2037.4734187997976
756,27554.882268869584,124.77568135664546,4133.038729163567
757,0.0,124.77568135664546,6228.604039527336
758,0.0,171.88746332251893,8324.169349891105
759,0.0,218.9992452883924,8692.0
760,0.0,266.1110272542659,8692.0
761,0.0,272.0,8692.0
762,26903.36577758636,272.0,6438.703967350786
763,0.0,272.0,4185.407934701572
764,0.0,272.0,4185.407934701572
765,0.0,272.0,2405.3040689086934
766,0.0,272.0,2405.3040689086934
767,0.0,272.0,2405.3040689086934
768,26251.84928630313,272.0,4500.869379272463
769,0.0,272.0,6596.434689636231
770,0.0,272.0,8692.0
771,0.0,272.0,8692.0
772,0.0,272.0,8692.0
773,0.0,272.0,8692.0
774,25600.332795019905,272.0,8692.0
775,0.0,272.0,8692.0
776,0.0,272.0,8692.0
777,0.0,272.0,8692.0
778,0.0,272.0,8692.0
779,0.0,272.0,8692.0
780,24948.81630373668,272.0,8692.0
781,0.0,272.0,8692.0
782,0.0,272.0,8692.0
783,0.0,272.0,8692.0
784,0.0,272.0,8692.0
785,0.0,272.0,8692.0
786,24297.299812453453,247.4626135594409,6438.703967350786
787,0.0,222.92522711888185,6438.703967350786
788,0.0,198.38784067832276,6438.703967350786
789,0.0,173.85045423776364,6438.703967350786
790,0.0,149.31306779720455,6310.107694479591
791,0.0,124.77568135664546,4727.43494898851
792,23645.783321170227,171.88746332251893,4727.43494898851
793,0.0,218.9992452883924,6823.000259352279
794,0.0,218.9992452883924,7381.217956135435
795,0.0,194.4618588478333,7381.217956135435
796,0.0,169.9244724072742,7381.217956135435
797,0.0,169.9244724072742,7381.217956135435
798,22994.266829887,145.38708596671512,7381.217956135435
799,0.0,120.84969952615604,7381.217956135435
800,0.0,96.31231308559694,7381.217956135435
801,0.0,71.77492664503785,5127.921923486221
802,0.0,47.23754020447876,5127.921923486221
803,0.0,36.44109017063269,5127.921923486221
804,22342.75033860377,83.55287213650615,5127.921923486221
805,0.0,130.6646541023796,5127.921923486221
806,0.0,177.77643606825308,5127.921923486221
807,0.0,224.8882180341265,6596.434689636231
808,0.0,272.0,8692.0
809,0.0,272.0,8692.0
810,21691.23384732055,247.4626135594409,6438.703967350786
811,0.0,222.92522711888185,6438.703967350786
812,0.0,198.38784067832276,6438.703967350786
813,0.0,173.85045423776364,6438.703967350786
814,0.0,149.31306779720455,6438.703967350786
815,0.0,124.77568135664546,6438.703967350786
816,21039.717356037323,171.88746332251893,6438.703967350786
817,0.0,218.9992452883924,6438.703967350786
818,0.0,196.29909152447277,6438.703967350786
819,0.0,171.76170508391365,6438.703967350786
820,0.0,147.22431864335456,6438.703967350786
821,0.0,122.68693220279546,6438.703967350786
822,20388.200864754097,98.14954576223636,6438.703967350786
823,0.0,73.61215932167728,4185.407934701572
824,0.0,49.074772881118186,2405.3040689086934
825,0.0,24.537386440559093,2405.3040689086934
826,0.0,0.0,2405.3040689086934
827,0.0,0.0,2405.3040689086934
828,19736.68437347087,0.0,2405.3040689086934
829,0.0,30.42635918629327,4500.869379272463
830,0.0,77.53814115216673,6596.434689636231
831,0.0,124.6499231180402,8692.0
832,0.0,171.76170508391365,8692.0
833,0.0,147.22431864335456,8692.0
834,19085.167882187645,122.68693220279546,6438.703967350786
835,0.0,98.14954576223636,4185.407934701572
836,0.0,73.61215932167728,3180.6554532665123
837,0.0,49.074772881118186,2754.3320985460714
838,0.0,24.537386440559093,2253.296032649214
839,0.0,0.0,0.0
840,18433.65139090442,47.11178196587346,0.0
841,0.0,94.22356393174692,0.0
842,0.0,100.11253667748107,0.0
843,0.0,75.575150236922,0.0
844,0.0,51.03776379636291,0.0
845,0.0,98.14954576223636,0.0
846,17782.134899621193,73.61215932167728,0.0
847,0.0,49.074772881118186,0.0
848,0.0,24.537386440559093,0.0
849,0.0,0.0,0.0
850,0.0,0.0,0.0
851,0.0,0.0,0.0
852,17130.618408337967,0.0,0.0
853,0.0,0.0,0.0
854,0.0,0.0,0.0
855,0.0,0.0,1755.002111167239
856,0.0,0.0,3850.567421531008
857,0.0,0.0,4432.301834700913
858,16479.10191705474,0.0,2179.0058020516985
859,0.0,0.0,116.35905168640036
860,0.0,0.0,0.0
861,0.0,0.0,0.0
862,0.0,0.0,0.0
863,0.0,0.0,0.0
864,15827.585425771513,0.0,0.0
865,0.0,0.0,0.0
866,0.0,0.0,0.0
867,0.0,0.0,0.0
868,0.0,0.0,0.0
869,0.0,0.0,0.0
870,15176.068934488289,0.0,0.0
871,0.0,0.0,0.0
872,0.0,0.0,0.0
873,0.0,0.0,0.0
874,0.0,0.0,0.0
875,0.0,0.0,0.0
876,14524.55244320506,0.0,0.0
877,0.0,0.0,0.0
878,0.0,0.0,0.0
879,0.0,0.0,2095.565310363769
880,0.0,0.0,4191.130620727538
881,0.0,0.0,4191.130620727538
882,13873.035951921836,0.0,1937.8345880783245
883,0.0,0.0,0.0
884,0.0,0.0,0.0
885,0.0,0.0,0.0
886,0.0,0.0,0.0
887,0.0,0.0,0.0
888,13221.519460638609,0.0,0.0
889,0.0,0.0,0.0
890,0.0,0.0,0.0
891,0.0,0.0,0.0
892,0.0,0.0,0.0
893,0.0,0.0,0.0
894,12570.002969355382,0.0,0.0
895,0.0,0.0,0.0
896,0.0,0.0,0.0
897,0.0,0.0,0.0
898,0.0,0.0,0.0
899,0.0,0.0,0.0
900,13189.65452147626,0.0,0.0
901,0.0,0.0,0.0
902,0.0,0.0,2095.565310363769
903,0.0,0.0,2095.565310363769
904,0.0,0.0,2095.565310363769
905,0.0,0.0,2253.296032649214
906,13809.30607359714,0.0,0.0
907,0.0,0.0,0.0
908,0.0,0.0,0.0
909,0.0,0.0,0.0
910,0.0,0.0,0.0
911,0.0,0.0,0.0
912,14428.957625718018,0.0,0.0
913,0.0,0.0,0.0
914,0.0,0.0,0.0
915,0.0,0.0,0.0
916,0.0,0.0,0.0
917,0.0,0.0,0.0
918,15048.609177838896,0.0,0.0
919,0.0,0.0,0.0
920,0.0,0.0,0.0
921,0.0,0.0,0.0
922,0.0,47.11178196587346,2095.565310363769
923,0.0,94.22356393174692,4191.130620727538
924,15668.260729959777,141.3353458976204,6286.695931091308
925,0.0,188.44712786349385,8382.261241455077
926,0.0,235.5589098293673,8692.0
927,0.0,235.5589098293673,8692.0
928,0.0,272.0,8692.0
929,0.0,272.0,8692.0
930,16287.912282080651,272.0,6438.703967350786
931,0.0,272.0,4185.407934701572
932,0.0,272.0,1932.1119020523583
933,0.0,272.0,14.64619306764098
934,0.0,272.0,14.64619306764098
935,0.0,272.0,14.64619306764098
936,15636.395790797427,272.0,14.64619306764098
937,0.0,272.0,14.64619306764098
938,0.0,272.0,14.64619306764098
939,0.0,272.0,2110.21150343141
940,0.0,272.0,2681.1132357969623
941,0.0,272.0,2681.1132357969623
942,14984.8792995142,272.0,4776.678546160732
943,0.0,272.0,4776.678546160732
944,0.0,272.0,4776.678546160732
945,0.0,272.0,2523.3825135115176
946,0.0,272.0,472.6420289949639
947,0.0,272.0,1018.3348803921804
948,14333.362808230975,272.0,1018.3348803921804
949,0.0,272.0,2405.3040689086934
950,0.0,272.0,4500.869379272463
951,0.0,272.0,6596.434689636231
952,0.0,272.0,8692.0
953,0.0,272.0,8692.0
954,13681.846316947747,272.0,6438.703967350786
955,0.0,272.0,4296.941086885111
956,0.0,272.0,3247.971613228934
957,0.0,272.0,3084.7126621926004
958,0.0,272.0,3084.7126621926004
959,0.0,272.0,3084.7126621926004
960,13030.329825664525,272.0,5099.676454437526
961,0.0,272.0,7195.241764801296
962,0.0,272.0,8692.0
963,0.0,272.0,8692.0
964,0.0,272.0,8692.0
965,0.0,272.0,8692.0
966,12378.813334381295,272.0,8692.0
967,0.0,272.0,8692.0
968,0.0,272.0,8692.0
969,0.0,247.4626135594409,8692.0
970,0.0,222.92522711888185,8692.0
971,0.0,222.92522711888185,8692.0
972,11727.29684309807,222.92522711888185,8692.0
973,0.0,222.92522711888185,8692.0
974,0.0,222.92522711888185,8692.0
975,0.0,222.92522711888185,8692.0
976,0.0,198.38784067832276,8646.61086073402
977,0.0,173.85045423776364,6758.580810024067
978,11075.780351814845,149.31306779720455,4505.284777374854
979,0.0,124.77568135664546,2251.98874472564
980,0.0,100.23829491608636,0.0
981,0.0,75.70090847552729,0.0
982,0.0,51.1635220349682,0.0
983,0.0,26.626135594409103,0.0
984,10424.26386053162,26.626135594409103,795.466666654463
985,0.0,26.626135594409103,795.466666654463
986,0.0,26.626135594409103,795.466666654463
987,0.0,26.626135594409103,795.466666654463
988,0.0,26.626135594409103,795.466666654463
989,0.0,51.03776379636291,795.466666654463
990,9772.747369248393,98.14954576223636,795.466666654463
991,0.0,73.61215932167728,55.647733954956855
992,0.0,49.074772881118186,55.647733954956855
993,0.0,24.537386440559093,0.0
994,0.0,0.0,0.0
995,0.0,0.0,0.0
996,9121.230877965168,0.0,2095.565310363769
997,0.0,47.11178196587346,4191.130620727538
998,0.0,94.22356393174692,6286.695931091308
999,0.0,116.7979594570613,8185.735275991949
1000,0.0,134.46487769426378,8185.735275991949
1001,0.0,157.03927321957815,8185.735275991949
1002,8469.71438668194,132.50188677901906,5932.439243342736
1003,0.0,107.96450033845996,3679.1432106935217
1004,0.0,83.42711389790088,1754.2481994786187
1005,0.0,58.88972745734179,1293.286541033639
1006,0.0,34.3523410167827,1293.286541033639
1007,0.0,9.814954576223611,1293.286541033639
1008,7818.197895398714,56.92673654209708,3388.851851397408
1009,0.0,79.50113206741145,5484.417161761177
1010,0.0,102.07552759272582,5484.417161761177
1011,0.0,124.6499231180402,5484.417161761177
1012,0.0,147.22431864335456,5484.417161761177
1013,0.0,122.68693220279546,5484.417161761177
1014,7166.681404115488,98.14954576223636,5484.417161761177
1015,0.0,73.61215932167728,5484.417161761177
1016,0.0,49.074772881118186,4506.592065298428
1017,0.0,24.537386440559093,2253.296032649214
1018,0.0,0.0,0.0
1019,0.0,0.0,0.0
1020,6515.1649128322615,0.0,1016.6577503147486
1021,0.0,0.0,2788.914153264053
1022,0.0,47.11178196587346,4884.479463627822
1023,0.0,94.22356393174692,6980.044773991591
1024,0.0,122.68693220279546,8163.46019311052
1025,0.0,98.14954576223636,6759.888097947642
1026,5863.648421549035,73.61215932167728,4506.592065298428
1027,0.0,49.074772881118186,2253.296032649214
1028,0.0,24.537386440559093,0.0
1029,0.0,0.0,0.0
1030,0.0,0.0,0.0
1031,0.0,0.0,0.0
1032,5212.131930265809,0.0,0.0
1033,0.0,0.0,0.0
1034,0.0,0.0,0.0
1035,0.0,0.0,0.0
1036,0.0,0.0,0.0
1037,0.0,0.0,0.0
1038,4560.615438982583,0.0,0.0
1039,0.0,0.0,0.0
1040,0.0,0.0,0.0
1041,0.0,0.0,0.0
1042,0.0,0.0,0.0
1043,0.0,0.0,0.0
1044,3909.098947699357,0.0,0.0
1045,0.0,0.0,2095.565310363769
1046,0.0,0.0,4191.130620727538
1047,0.0,0.0,6286.695931091308
1048,0.0,0.0,7295.924928395036
1049,0.0,0.0,8692.0
1050,3257.582456416131,0.0,6438.703967350786
1051,0.0,0.0,6295.3194255185335
1052,0.0,0.0,4042.02339286932
1053,0.0,0.0,2253.296032649214
1054,0.0,0.0,0.0
1055,0.0,0.0,0.0
1056,2606.065965132905,0.0,1262.5622151895948
1057,0.0,0.0,2611.885068804885
1058,0.0,0.0,3037.93931341231
1059,0.0,0.0,5133.50462377608
1060,0.0,0.0,6759.888097947642
1061,0.0,0.0,6759.888097947642
1062,1954.5494738496789,0.0,6759.888097947642
1063,0.0,0.0,4506.592065298428
1064,0.0,0.0,2253.296032649214
1065,0.0,0.0,0.0
1066,0.0,0.0,0.0
1067,0.0,0.0,0.0
1068,1303.0329825664526,0.0,495.35354958204977
1069,0.0,0.0,495.35354958204977
1070,0.0,0.0,1085.713402899648
1071,0.0,0.0,1085.713402899648
1072,0.0,0.0,1085.713402899648
1073,0.0,0.0,1085.713402899648
1074,651.5164912832263,0.0,1085.713402899648
1075,0.0,0.0,0.0
1076,0.0,0.0,0.0
1077,0.0,0.0,0.0
1078,0.0,0.0,0.0
1079,0.0,0.0,0.0
1080,0.0,0.0,0.0
1081,0.0,0.0,0.0
1082,0.0,0.0,0.0
1083,0.0,0.0,0.0
1084,0.0,0.0,0.0
1085,0.0,0.0,0.0
1086,471.8425537479786,0.0,0.0
1087,0.0,0.0,0.0
1088,0.0,0.0,0.0
1089,0.0,0.0,0.0
1090,0.0,0.0,2095.565310363769
1091,0.0,0.0,4191.130620727538
1092,943.6851074959573,0.0,4475.499384099175
1093,0.0,0.0,4475.499384099175
1094,0.0,0.0,4832.51520486023
1095,0.0,0.0,6928.080515223999
1096,0.0,0.0,8692.0
1097,0.0,0.0,8692.0
1098,1415.527661243936,0.0,8692.0
1099,0.0,0.0,8692.0
1100,0.0,0.0,8692.0
1101,0.0,0.0,7235.777966185362
1102,0.0,0.0,6410.600777401136
1103,0.0,0.0,5452.51814961634
1104,1887.3702149919145,0.0,5452.51814961634
1105,0.0,0.0,5452.51814961634
1106,0.0,0.0,5452.51814961634
1107,0.0,0.0,5452.51814961634
1108,0.0,0.0,5452.51814961634
1109,0.0,0.0,5452.51814961634
1110,2359.2127687398934,0.0,5452.51814961634
1111,0.0,0.0,5410.444370367038
1112,0.0,0.0,4250.028177948807
1113,0.0,0.0,1996.732145299593
1114,0.0,0.0,962.1031020119036
1115,0.0,0.0,962.1031020119036
1116,2831.055322487872,0.0,962.1031020119036
1117,0.0,0.0,2405.3040689086934
1118,0.0,0.0,4500.869379272463
1119,0.0,0.0,6596.434689636231
1120,0.0,0.0,8692.0
1121,0.0,0.0,8692.0
1122,3302.897876235851,0.0,6582.585401385199
1123,0.0,0.0,4329.289368735985
1124,0.0,0.0,2075.993336086771
1125,0.0,0.0,38.90836971387507
1126,0.0,0.0,0.0
1127,0.0,0.0,0.0
1128,3774.74042998383,0.0,0.0
1129,0.0,0.0,1385.3351062210727
1130,0.0,0.0,3417.994982513583
1131,0.0,0.0,3417.994982513583
1132,0.0,0.0,3417.994982513583
1133,0.0,0.0,3417.994982513583
1134,4246.582983731809,0.0,3417.994982513583
1135,0.0,0.0,1164.6989498643693
1136,0.0,0.0,314.7624756653684
1137,0.0,0.0,0.0
1138,0.0,0.0,0.0
1139,0.0,0.0,0.0
1140,4718.425537479788,0.0,1319.4206486405687
1141,0.0,0.0,1319.4206486405687
1142,0.0,0.0,3414.985959004338
1143,0.0,0.0,5510.551269368107
1144,0.0,0.0,7606.116579731875
1145,0.0,0.0,7606.116579731875
1146,5190.268091227767,0.0,6808.390045975154
1147,0.0,0.0,6808.390045975154
1148,0.0,0.0,4555.09401332594
1149,0.0,0.0,2301.797980676726
1150,0.0,0.0,536.2829211005613
1151,0.0,0.0,0.0
1152,5662.110644975745,0.0,0.0
1153,0.0,0.0,0.0
1154,0.0,0.0,0.0
1155,0.0,0.0,2095.565310363769
1156,0.0,0.0,2095.565310363769
1157,0.0,0.0,2095.565310363769
1158,6133.953198723724,0.0,2253.296032649214
1159,0.0,0.0,0.0
1160,0.0,0.0,0.0
1161,0.0,0.0,0.0
1162,0.0,0.0,0.0
1163,0.0,0.0,0.0
1164,6605.795752471703,0.0,0.0
1165,0.0,0.0,456.1354576018336
1166,0.0,0.0,456.1354576018336
1167,0.0,0.0,852.1896629544808
1168,0.0,0.0,2947.75497331825
1169,0.0,0.0,2947.75497331825
1170,7077.638306219682,0.0,2947.75497331825
1171,0.0,0.0,694.4589406690361
1172,0.0,0.0,694.4589406690361
1173,0.0,0.0,0.0
1174,0.0,0.0,0.0
1175,0.0,0.0,0.0
1176,7549.480859967661,0.0,0.0
1177,0.0,0.0,315.4614445708894
1178,0.0,0.0,315.4614445708894
1179,0.0,0.0,2411.0267549346586
1180,0.0,0.0,4506.592065298428
1181,0.0,0.0,4506.592065298428
1182,8021.32341371564,0.0,4506.592065298428
1183,0.0,0.0,2253.296032649214
1184,0.0,0.0,0.0
1185,0.0,0.0,0.0
1186,0.0,0.0,0.0
1187,0.0,0.0,0.0
1188,8493.165967463618,0.0,2095.565310363769
1189,0.0,0.0,4191.130620727538
1190,0.0,0.0,6286.695931091308
1191,0.0,0.0,6596.434689636231
1192,0.0,0.0,8692.0
1193,0.0,0.0,8692.0
1194,8965.008521211596,0.0,8692.0
1195,0.0,0.0,7992.2099256388465
1196,0.0,0.0,5738.913892989633
1197,0.0,0.0,3485.6178603404187
1198,0.0,0.0,3485.6178603404187
1199,0.0,0.0,3485.6178603404187
1200,9436.851074959572,0.0,5581.183170704187
1201,0.0,0.0,7676.748481067956
1202,0.0,0.0,7676.748481067956
1203,0.0,0.0,7676.748481067956
1204,0.0,0.0,5423.452448418742
1205,0.0,0.0,5423.452448418742
1206,9908.693628707551,0.0,4827.736060484853
1207,0.0,0.0,2574.440027835639
1208,0.0,0.0,321.14399518642495
1209,0.0,0.0,321.14399518642495
1210,0.0,0.0,321.14399518642495
1211,0.0,0.0,1627.1717926199635
1212,9257.177137424324,0.0,1627.1717926199635
1213,0.0,0.0,1627.1717926199635
1214,0.0,0.0,3722.7371029837327
1215,0.0,0.0,5818.302413347502
1216,0.0,0.0,7799.049998557299
1217,0.0,0.0,8692.0
1218,8605.6606461411,0.0,8578.8845112421
1219,0.0,0.0,6577.20410262829
1220,0.0,0.0,4323.908069979076
1221,0.0,0.0,2238.102631856841
1222,0.0,0.0,638.7857003839506
1223,0.0,0.0,0.0
1224,7954.144154857873,0.0,0.0
1225,0.0,0.0,125.92533435415572
1226,0.0,0.0,1199.0288461347434
1227,0.0,0.0,2864.95587944712
1228,0.0,0.0,2799.995450352132
1229,0.0,0.0,2606.053051460003
1230,7302.627663574647,0.0,2444.733188142366
1231,0.0,0.0,756.261897108811
1232,0.0,0.0,756.261897108811
1233,0.0,0.0,0.0
1234,0.0,0.0,0.0
1235,0.0,0.0,0.0
1236,6651.111172291421,0.0,1645.3879273110406
1237,0.0,0.0,1645.3879273110406
1238,0.0,0.0,3740.9532376748098
1239,0.0,0.0,5836.518548038579
1240,0.0,0.0,7932.083858402348
1241,0.0,0.0,8096.56868858437
1242,5999.594681008195,0.0,7713.648989210244
1243,0.0,0.0,6027.858032589245
1244,0.0,0.0,4051.736533412551
1245,0.0,0.0,1798.4405007633372
1246,0.0,0.0,443.1513421863174
1247,0.0,0.0,0.0
1248,5348.078189724969,0.0,0.0
1249,0.0,0.0,0.0
1250,0.0,0.0,0.0
1251,0.0,0.0,725.5057311034972
1252,0.0,0.0,725.5057311034972
1253,0.0,0.0,725.5057311034972
1254,4696.561698441743,0.0,725.5057311034972
1255,0.0,0.0,725.5057311034972
1256,0.0,0.0,725.5057311034972
1257,0.0,0.0,0.0
1258,0.0,0.0,0.0
1259,0.0,0.0,0.0
1260,5168.404252189722,0.0,0.0
1261,0.0,0.0,2095.565310363769
1262,0.0,0.0,4191.130620727538
1263,0.0,0.0,5116.173103747979
1264,0.0,0.0,6009.438154065572
1265,0.0,0.0,6009.438154065572
1266,5640.246805937701,0.0,3756.142121416358
1267,0.0,0.0,1502.846088767144
1268,0.0,0.0,0.0
1269,0.0,0.0,0.0
1270,0.0,0.0,0.0
1271,0.0,0.0,0.0
1272,6112.08935968568,0.0,90.93104831132769
1273,0.0,0.0,90.93104831132769
1274,0.0,0.0,2186.496358675097
1275,0.0,0.0,4282.061669038866
1276,0.0,0.0,5591.332723916904
1277,0.0,0.0,6596.434689636231
1278,6583.931913433658,0.0,8692.0
1279,0.0,0.0,6438.703967350786
1280,0.0,0.0,4341.24545801863
1281,0.0,0.0,2087.9494253694165
1282,0.0,0.0,0.0
1283,0.0,0.0,0.0
1284,7055.774467181637,0.0,0.0
1285,0.0,0.0,1338.4728943510124
1286,0.0,0.0,3434.0382047147814
1287,0.0,0.0,5529.60351507855
1288,0.0,0.0,7625.168825442319
1289,0.0,0.0,8687.482922612937
1290,7527.617020929616,0.0,6434.186889963724
1291,0.0,0.0,4180.89085731451
1292,0.0,0.0,1927.594824665296
1293,0.0,0.0,555.7665291855284
1294,0.0,0.0,0.0
1295,0.0,0.0,0.0
1296,7999.459574677595,0.0,0.0
1297,0.0,0.0,0.0
1298,0.0,0.0,2095.565310363769
1299,0.0,0.0,2706.067152173189
1300,0.0,0.0,3621.146523063415
1301,0.0,0.0,4469.431977462153
1302,8471.302128425574,0.0,4644.005317473312
1303,0.0,0.0,2390.709284824098
1304,0.0,0.0,137.4132521748843
1305,0.0,0.0,0.0
1306,0.0,0.0,0.0
1307,0.0,0.0,0.0
1308,8943.144682173552,0.0,2095.565310363769
1309,0.0,30.42635918629327,4191.130620727538
1310,0.0,77.53814115216673,4881.465708141944
1311,0.0,124.6499231180402,6596.434689636231
1312,0.0,171.76170508391365,8692.0
1313,0.0,171.76170508391365,8692.0
1314,9414.98723592153,171.76170508391365,8692.0
1315,0.0,171.76170508391365,8692.0
1316,0.0,171.76170508391365,8692.0
1317,0.0,171.76170508391365,8692.0
1318,0.0,171.76170508391365,8692.0
1319,0.0,171.76170508391365,6596.434689636231
1320,9886.829789669508,171.76170508391365,6596.434689636231
1321,0.0,171.76170508391365,8692.0
1322,0.0,171.76170508391365,8692.0
1323,0.0,171.76170508391365,8692.0
1324,0.0,171.76170508391365,8692.0
1325,0.0,171.76170508391365,8692.0
1326,10358.672343417486,171.76170508391365,8692.0
1327,0.0,171.76170508391365,6438.703967350786
1328,0.0,171.76170508391365,6438.703967350786
1329,0.0,171.76170508391365,6438.703967350786
1330,0.0,171.76170508391365,6438.703967350786
1331,0.0,171.76170508391365,6438.703967350786
1332,9707.15585213426,171.76170508391365,8534.269277714555
1333,0.0,171.76170508391365,8692.0
1334,0.0,171.76170508391365,8692.0
1335,0.0,171.76170508391365,8692.0
1336,0.0,171.76170508391365,8692.0
1337,0.0,147.22431864335456,8692.0
1338,9055.639360851032,122.68693220279546,6438.703967350786
1339,0.0,98.14954576223636,4185.407934701572
1340,0.0,73.61215932167728,1932.1119020523583
1341,0.0,49.074772881118186,517.4166922803383
1342,0.0,24.537386440559093,0.0
1343,0.0,0.0,0.0
1344,8404.122869567807,0.0,0.0
1345,0.0,0.0,0.0
1346,0.0,0.0,0.0
1347,0.0,0.0,0.0
1348,0.0,0.0,0.0
1349,0.0,0.0,0.0
1350,7752.606378284581,0.0,0.0
1351,0.0,0.0,0.0
1352,0.0,0.0,0.0
1353,0.0,0.0,0.0
1354,0.0,0.0,0.0
1355,0.0,0.0,0.0
1356,7716.205461964404,0.0,0.0
1357,0.0,0.0,0.0
1358,0.0,0.0,0.0
1359,0.0,0.0,0.0
1360,0.0,0.0,0.0
1361,0.0,0.0,0.0
1362,8188.048015712383,0.0,2095.565310363769
1363,0.0,0.0,309.73875854492417
1364,0.0,0.0,309.73875854492417
1365,0.0,0.0,309.73875854492417
1366,0.0,0.0,309.73875854492417
1367,0.0,0.0,309.73875854492417
1368,8659.890569460362,0.0,2405.3040689086934
1369,0.0,0.0,4500.869379272463
1370,0.0,0.0,6596.434689636231
1371,0.0,0.0,8692.0
1372,0.0,0.0,8692.0
1373,0.0,0.0,8692.0
1374,9131.73312320834,0.0,8692.0
1375,0.0,0.0,7982.5916653935055
1376,0.0,0.0,6129.0031573527485
1377,0.0,0.0,3875.707124703535
1378,0.0,0.0,3875.707124703535
1379,0.0,0.0,3875.707124703535
1380,8480.216631925114,0.0,5572.574242229026
1381,0.0,0.0,6596.434689636231
1382,0.0,0.0,6596.434689636231
1383,0.0,0.0,6596.434689636231
1384,0.0,0.0,8692.0
1385,0.0,0.0,8692.0
1386,7828.700140641887,0.0,6438.703967350786
1387,0.0,0.0,4185.407934701572
1388,0.0,0.0,1932.1119020523583
1389,0.0,0.0,0.0
1390,0.0,0.0,0.0
1391,0.0,0.0,0.0
1392,7177.183649358661,0.0,0.0
1393,0.0,0.0,0.0
1394,0.0,0.0,0.0
1395,0.0,0.0,0.0
1396,0.0,0.0,0.0
1397,0.0,0.0,0.0
1398,7649.026203106639,0.0,0.0
1399,0.0,0.0,0.0
1400,0.0,0.0,0.0
1401,0.0,0.0,0.0
1402,0.0,0.0,0.0
1403,0.0,0.0,0.0
1404,8120.868756854618,0.0,0.0
1405,0.0,0.0,2095.565310363769
1406,0.0,0.0,3948.023333853065
1407,0.0,0.0,5447.313943763794
1408,0.0,0.0,6902.0926842268345
1409,0.0,0.0,6902.0926842268345
1410,8592.711310602597,0.0,4648.796651577621
1411,0.0,0.0,2395.5006189284068
1412,0.0,0.0,2253.296032649214
1413,0.0,0.0,0.0
1414,0.0,0.0,0.0
1415,0.0,0.0,0.0
1416,9064.553864350575,0.0,0.0
1417,0.0,0.0,0.0
1418,0.0,0.0,0.0
1419,0.0,0.0,0.0
1420,0.0,0.0,128.1923203404276
1421,0.0,0.0,2223.757630704197
1422,9536.396418098551,0.0,2253.296032649214
1423,0.0,0.0,0.0
1424,0.0,0.0,0.0
1425,0.0,0.0,0.0
1426,0.0,0.0,0.0
1427,0.0,0.0,0.0
1428,10008.238971846533,0.0,309.73875854492417
1429,0.0,0.0,2405.3040689086934
1430,0.0,0.0,4500.869379272463
1431,0.0,0.0,6596.434689636231
1432,0.0,0.0,8692.0
1433,0.0,0.0,8692.0
1434,10480.081525594507,0.0,6438.703967350786
1435,0.0,0.0,5650.559865899044
1436,0.0,0.0,3397.26383324983
1437,0.0,0.0,2253.296032649214
1438,0.0,0.0,0.0
1439,0.0,0.0,0.0
1440,10951.924079342489,0.0,2095.565310363769
1441,0.0,0.0,2568.757477220104
1442,0.0,0.0,4664.322787583873
1443,0.0,0.0,6759.888097947642
1444,0.0,0.0,6759.888097947642
1445,0.0,0.0,6759.888097947642
1446,11423.766633090465,0.0,6759.888097947642
1447,0.0,0.0,4506.592065298428
1448,0.0,0.0,2253.296032649214
1449,0.0,0.0,0.0
1450,0.0,0.0,0.0
1451,0.0,0.0,0.0
1452,11895.609186838445,0.0,2095.565310363769
1453,0.0,0.0,4191.130620727538
1454,0.0,0.0,6286.695931091308
1455,0.0,0.0,6679.330450430053
1456,0.0,0.0,6679.330450430053
1457,0.0,0.0,8692.0
1458,12367.45174058642,0.0,6936.40508972816
1459,0.0,0.0,4683.109057078946
1460,0.0,0.0,2429.813024429732
1461,0.0,0.0,2253.296032649214
1462,0.0,0.0,2253.296032649214
1463,0.0,0.0,0.0
1464,12839.2942943344,0.0,0.0
1465,0.0,0.0,2095.565310363769
1466,0.0,0.0,4191.130620727538
1467,0.0,0.0,6286.695931091308
1468,0.0,0.0,8382.261241455077
1469,0.0,0.0,8692.0
1470,13311.136848082377,0.0,8692.0
1471,0.0,0.0,6438.703967350786
1472,0.0,0.0,4657.541310452754
1473,0.0,0.0,2449.418126316383
1474,0.0,0.0,3347.9151581427222
1475,0.0,0.0,5443.480468506492
1476,13782.979401830356,0.0,7539.045778870261
1477,0.0,0.0,8681.11245234293
1478,0.0,0.0,8681.11245234293
1479,0.0,0.0,8681.11245234293
1480,0.0,0.0,8692.0
1481,0.0,0.0,8692.0
1482,14254.821955578333,0.0,6438.703967350786
1483,0.0,0.0,6438.703967350786
1484,0.0,0.0,4185.407934701572
1485,0.0,0.0,2253.296032649214
1486,0.0,0.0,2253.296032649214
1487,0.0,0.0,0.0
1488,13603.305464295108,0.0,0.0
1489,0.0,0.0,157.7307222854447
1490,0.0,0.0,157.7307222854447
1491,0.0,0.0,2253.296032649214
1492,0.0,0.0,2253.296032649214
1493,0.0,0.0,2253.296032649214
1494,12951.78897301188,0.0,2253.296032649214
1495,0.0,0.0,0.0
1496,0.0,0.0,0.0
1497,0.0,0.0,0.0
1498,0.0,0.0,0.0
1499,0.0,0.0,0.0
1500,12300.272481728654,0.0,1085.9756752377796
1501,0.0,0.0,3181.5409856015485
1502,0.0,0.0,5277.106295965317
1503,0.0,0.0,7372.671606329086
1504,0.0,0.0,8692.0
1505,0.0,0.0,8692.0
1506,11648.755990445428,0.0,8692.0
1507,0.0,0.0,6438.703967350786
1508,0.0,0.0,4506.592065298428
1509,0.0,0.0,4506.592065298428
1510,0.0,0.0,2253.296032649214
1511,0.0,0.0,0.0
1512,10997.239499162202,0.0,309.73875854492417
1513,0.0,0.0,2405.3040689086934
1514,0.0,0.0,4500.869379272463
1515,0.0,0.0,6596.434689636231
1516,0.0,0.0,6596.434689636231
1517,0.0,0.0,8692.0
1518,10345.723007878976,0.0,8692.0
1519,0.0,0.0,6438.703967350786
1520,0.0,0.0,4185.407934701572
1521,0.0,0.0,1932.1119020523583
1522,0.0,0.0,0.0
1523,0.0,0.0,0.0
1524,9694.20651659575,0.0,0.0
1525,0.0,0.0,0.0
1526,0.0,0.0,2095.565310363769
1527,0.0,0.0,2095.565310363769
1528,0.0,0.0,4191.130620727538
1529,0.0,0.0,4191.130620727538
1530,9042.690025312524,0.0,1937.8345880783245
1531,0.0,0.0,1937.8345880783245
1532,0.0,0.0,1937.8345880783245
1533,0.0,0.0,1937.8345880783245
1534,0.0,0.0,284.7661553000447
1535,0.0,0.0,0.0
1536,8391.173534029298,0.0,0.0
1537,0.0,0.0,0.0
1538,0.0,0.0,0.0
1539,0.0,0.0,0.0
1540,0.0,0.0,843.6115335541515
1541,0.0,0.0,843.6115335541515
1542,8863.016087777276,0.0,843.6115335541515
1543,0.0,0.0,843.6115335541515
1544,0.0,0.0,0.0
1545,0.0,0.0,0.0
1546,0.0,0.0,0.0
1547,0.0,0.0,0.0
1548,9334.858641525254,0.0,2095.565310363769
1549,0.0,0.0,4191.130620727538
1550,0.0,0.0,5253.634777934225
1551,0.0,0.0,7349.200088297995
1552,0.0,0.0,8692.0
1553,0.0,0.0,8692.0
1554,9806.701195273232,0.0,6438.703967350786
1555,0.0,0.0,4185.407934701572
1556,0.0,0.0,1932.1119020523583
1557,0.0,0.0,864.8359721729894
1558,0.0,0.0,0.0
1559,0.0,0.0,0.0
1560,10278.54374902121,0.0,0.0
1561,0.0,0.0,0.0
1562,0.0,0.0,688.6632128521352
1563,0.0,0.0,688.6632128521352
1564,0.0,0.0,688.6632128521352
1565,0.0,0.0,688.6632128521352
1566,10750.386302769188,0.0,688.6632128521352
1567,0.0,0.0,0.0
1568,0.0,0.0,0.0
1569,0.0,0.0,0.0
1570,0.0,0.0,0.0
1571,0.0,0.0,0.0
1572,11222.228856517166,0.0,347.63735078157424
1573,0.0,0.0,2443.2026611453434
1574,0.0,0.0,4538.767971509113
1575,0.0,0.0,6634.333281872881
1576,0.0,0.0,8692.0
1577,0.0,0.0,8692.0
1578,11694.071410265144,0.0,8692.0
1579,0.0,0.0,6438.703967350786
1580,0.0,0.0,6438.703967350786
1581,0.0,0.0,6438.703967350786
1582,0.0,0.0,6438.703967350786
1583,0.0,0.0,4185.407934701572
1584,12165.913964013122,0.0,4185.407934701572
1585,0.0,0.0,4185.407934701572
1586,0.0,0.0,4185.407934701572
1587,0.0,0.0,4185.407934701572
1588,0.0,0.0,4185.407934701572
1589,0.0,0.0,2253.296032649214
1590,12637.7565177611,0.0,0.0
1591,0.0,0.0,0.0
1592,0.0,0.0,0.0
1593,0.0,0.0,0.0
1594,0.0,0.0,0.0
1595,0.0,36.44109017063269,0.0
1596,13109.599071509076,83.55287213650615,309.73875854492417
1597,0.0,130.6646541023796,2405.3040689086934
1598,0.0,177.77643606825308,4500.869379272463
1599,0.0,224.8882180341265,6596.434689636231
1600,0.0,272.0,8692.0
1601,0.0,272.0,8692.0
1602,13581.441625257055,272.0,8692.0
1603,0.0,272.0,8692.0
1604,0.0,272.0,8692.0
1605,0.0,272.0,8692.0
1606,0.0,272.0,8692.0
1607,0.0,272.0,8692.0
1608,14053.284179005032,272.0,8692.0
1609,0.0,272.0,8692.0
1610,0.0,272.0,8692.0
1611,0.0,272.0,8692.0
1612,0.0,272.0,8692.0
1613,0.0,272.0,8692.0
1614,14525.126732753011,272.0,8692.0
1615,0.0,247.4626135594409,6706.079577010907
1616,0.0,222.92522711888185,4452.783544361693
1617,0.0,198.38784067832276,2199.48751171248
1618,0.0,173.85045423776364,0.0
1619,0.0,173.85045423776364,0.0
1620,14996.96928650099,173.85045423776364,0.0
1621,0.0,173.85045423776364,0.0
1622,0.0,173.85045423776364,0.0
1623,0.0,173.85045423776364,0.0
1624,0.0,173.85045423776364,0.0
1625,0.0,173.85045423776364,0.0
1626,15468.811840248967,173.85045423776364,0.0
1627,0.0,173.85045423776364,0.0
1628,0.0,173.85045423776364,0.0
1629,0.0,173.85045423776364,0.0
1630,0.0,173.85045423776364,0.0
1631,0.0,173.85045423776364,0.0
1632,15940.654393996943,173.85045423776364,0.0
1633,0.0,173.85045423776364,0.0
1634,0.0,173.85045423776364,0.0
1635,0.0,173.85045423776364,0.0
1636,0.0,173.85045423776364,0.0
1637,0.0,173.85045423776364,0.0
1638,16412.496947744923,173.85045423776364,0.0
1639,0.0,173.85045423776364,0.0
1640,0.0,173.85045423776364,0.0
1641,0.0,173.85045423776364,0.0
1642,0.0,173.85045423776364,0.0
1643,0.0,173.85045423776364,0.0
1644,16884.3395014929,173.85045423776364,2095.565310363769
1645,0.0,173.85045423776364,3133.6492724596333
1646,0.0,173.85045423776364,5229.214582823402
1647,0.0,173.85045423776364,6596.434689636231
1648,0.0,173.85045423776364,8692.0
1649,0.0,173.85045423776364,8692.0
1650,17356.18205524088,173.85045423776364,6438.703967350786
1651,0.0,173.85045423776364,6438.703967350786
1652,0.0,173.85045423776364,6438.703967350786
1653,0.0,173.85045423776364,6438.703967350786
1654,0.0,173.85045423776364,6438.703967350786
1655,0.0,173.85045423776364,6438.703967350786
1656,17828.024608988857,173.85045423776364,7238.057543018028
1657,0.0,173.85045423776364,7915.601054792817
1658,0.0,173.85045423776364,8515.20566587652
1659,0.0,173.85045423776364,8692.0
1660,0.0,173.85045423776364,8692.0
1661,0.0,173.85045423776364,8692.0
1662,18299.867162736835,149.31306779720455,8692.0
1663,0.0,124.77568135664546,6519.376689176863
1664,0.0,100.23829491608636,4266.080656527649
1665,0.0,75.70090847552729,2012.784623878435
1666,0.0,51.1635220349682,0.0
1667,0.0,26.626135594409103,0.0
1668,18771.709716484813,26.626135594409103,2067.182784692211
1669,0.0,26.626135594409103,4162.74809505598
1670,0.0,26.626135594409103,6258.313405419749
1671,0.0,26.626135594409103,8353.878715783518
1672,0.0,26.626135594409103,8692.0
1673,0.0,26.626135594409103,8692.0
1674,18120.193225201587,26.626135594409103,6438.703967350786
1675,0.0,26.626135594409103,4185.407934701572
1676,0.0,26.626135594409103,1932.1119020523583
1677,0.0,26.626135594409103,1932.1119020523583
1678,0.0,26.626135594409103,0.0
1679,0.0,26.626135594409103,0.0
1680,17468.67673391836,26.626135594409103,0.0
1681,0.0,26.626135594409103,0.0
1682,0.0,26.626135594409103,1429.000606904114
1683,0.0,26.626135594409103,1429.000606904114
1684,0.0,26.626135594409103,1429.000606904114
1685,0.0,26.626135594409103,1429.000606904114
1686,16817.160242635135,26.626135594409103,1429.000606904114
1687,0.0,2.08874915385001,1088.115967466271
1688,0.0,0.0,0.0
1689,0.0,0.0,0.0
1690,0.0,0.0,0.0
1691,0.0,0.0,887.753670355524
1692,16165.643751351909,0.0,2807.890275217929
1693,0.0,0.0,4903.455585581698
1694,0.0,0.0,6999.020895945467
1695,0.0,0.0,7749.057076508628
1696,0.0,0.0,7749.057076508628
1697,0.0,0.0,7749.057076508628
1698,15514.127260068684,0.0,5495.761043859414
1699,0.0,0.0,3242.4650112102
1700,0.0,0.0,989.1689785609858
1701,0.0,0.0,0.0
1702,0.0,0.0,0.0
1703,0.0,0.0,0.0
1704,14862.610768785456,0.0,0.0
1705,0.0,0.0,1521.480028088762
1706,0.0,0.0,3025.355875052976
1707,0.0,0.0,5120.921185416745
1708,0.0,0.0,6759.888097947642
1709,0.0,0.0,6759.888097947642
1710,14211.09427750223,0.0,6759.888097947642
1711,0.0,0.0,4506.592065298428
1712,0.0,0.0,2253.296032649214
1713,0.0,0.0,0.0
1714,0.0,0.0,0.0
1715,0.0,0.0,0.0
1716,13559.577786219004,0.0,0.0
1717,0.0,0.0,2095.565310363769
1718,0.0,0.0,4191.130620727538
1719,0.0,0.0,6286.695931091308
1720,0.0,0.0,6286.695931091308
1721,0.0,0.0,6286.695931091308
1722,12908.061294935778,0.0,4033.399898442094
1723,0.0,0.0,2253.296032649214
1724,0.0,0.0,2253.296032649214
1725,0.0,0.0,2253.296032649214
1726,0.0,0.0,2253.296032649214
1727,0.0,0.0,0.0
1728,12256.544803652552,0.0,0.0
1729,0.0,0.0,0.0
1730,0.0,0.0,0.0
1731,0.0,0.0,0.0
1732,0.0,0.0,0.0
1733,0.0,0.0,0.0
1734,12728.38735740053,0.0,0.0
1735,0.0,0.0,0.0
1736,0.0,0.0,0.0
1737,0.0,0.0,0.0
1738,0.0,0.0,0.0
1739,0.0,0.0,0.0
1740,13200.229911148508,0.0,0.0
1741,0.0,0.0,0.0
1742,0.0,0.0,2095.565310363769
1743,0.0,0.0,2095.565310363769
1744,0.0,0.0,3781.558308221048
1745,0.0,0.0,3781.558308221048
1746,13672.072464896486,0.0,1528.2622755718337
1747,0.0,0.0,1528.2622755718337
1748,0.0,0.0,0.0
1749,0.0,0.0,0.0
1750,0.0,0.0,0.0
1751,0.0,0.0,0.0
1752,13822.865066819371,0.0,0.0
1753,0.0,0.0,0.0
1754,0.0,0.0,0.0
1755,0.0,0.0,0.0
1756,0.0,0.0,0.0
1757,0.0,0.0,0.0
1758,14294.707620567351,0.0,0.0
1759,0.0,0.0,0.0
1760,0.0,0.0,0.0
1761,0.0,0.0,309.73875854492417
1762,0.0,0.0,309.73875854492417
1763,0.0,0.0,2405.3040689086934
1764,14766.550174315327,0.0,4500.869379272463
1765,0.0,0.0,4500.869379272463
1766,0.0,0.0,6596.434689636231
1767,0.0,0.0,8692.0
1768,0.0,0.0,8692.0
1769,0.0,0.0,8692.0
1770,15238.392728063309,0.0,8692.0
1771,0.0,0.0,6627.465962745977
1772,0.0,0.0,6627.465962745977
1773,0.0,0.0,4374.169930096763
1774,0.0,0.0,3001.5482797719187
1775,0.0,0.0,748.2522471227048
1776,15710.235281811283,0.0,748.2522471227048
1777,0.0,0.0,748.2522471227048
1778,0.0,0.0,2843.817557486474
1779,0.0,0.0,4939.382867850243
1780,0.0,0.0,7034.948178214012
1781,0.0,0.0,7034.948178214012
1782,16182.077835559265,0.0,6759.888097947642
1783,0.0,0.0,4506.592065298428
1784,0.0,0.0,2253.296032649214
1785,0.0,0.0,0.0
1786,0.0,0.0,0.0
1787,0.0,36.44109017063269,2095.565310363769
1788,16653.92038930724,83.55287213650615,4191.130620727538
1789,0.0,130.6646541023796,4191.130620727538
1790,0.0,177.77643606825308,5167.683723348884
1791,0.0,224.8882180341265,7263.249033712654
1792,0.0,272.0,8692.0
1793,0.0,272.0,8692.0
1794,17125.76294305522,272.0,6438.703967350786
1795,0.0,272.0,5896.126135387358
1796,0.0,272.0,4506.592065298428
1797,0.0,272.0,2253.296032649214
1798,0.0,272.0,2253.296032649214
1799,0.0,272.0,0.0
1800,17597.605496803197,272.0,843.3667491597174
1801,0.0,272.0,843.3667491597174
1802,0.0,272.0,2938.9320595234867
1803,0.0,272.0,3255.4423467223264
1804,0.0,272.0,5351.007657086096
1805,0.0,272.0,6894.412679121957
1806,18069.44805055117,272.0,6759.888097947642
1807,0.0,272.0,4506.592065298428
1808,0.0,272.0,2253.296032649214
1809,0.0,272.0,0.0
1810,0.0,272.0,0.0
1811,0.0,272.0,1883.0570622301827
1812,18541.290604299156,272.0,2405.3040689086934
1813,0.0,272.0,4500.869379272463
1814,0.0,272.0,6596.434689636231
1815,0.0,272.0,6596.434689636231
1816,0.0,272.0,8692.0
1817,0.0,272.0,8692.0
1818,19013.13315804713,272.0,7355.999394702189
1819,0.0,272.0,5102.703362052976
1820,0.0,272.0,3122.7786057781927
1821,0.0,272.0,2511.090645218638
1822,0.0,272.0,1310.9464390880253
1823,0.0,272.0,0.0
1824,19484.97571179511,272.0,0.0
1825,0.0,272.0,0.0
1826,0.0,272.0,0.0
1827,0.0,272.0,0.0
1828,0.0,272.0,1924.2067520854307
1829,0.0,272.0,4019.7720624492
1830,19455.920890985337,272.0,5202.765250931561
1831,0.0,272.0,2949.469218282348
1832,0.0,272.0,1720.1921227429602
1833,0.0,272.0,0.0
1834,0.0,272.0,0.0
1835,0.0,272.0,422.7826539820019
1836,18804.40439970211,272.0,2518.3479643457717
1837,0.0,272.0,4613.913274709541
1838,0.0,272.0,6596.434689636231
1839,0.0,272.0,8692.0
1840,0.0,272.0,8692.0
1841,0.0,272.0,8692.0
1842,18152.887908418885,272.0,8692.0
1843,0.0,272.0,6438.703967350786
1844,0.0,272.0,4185.407934701572
1845,0.0,272.0,2110.6866155874977
1846,0.0,272.0,2110.6866155874977
1847,0.0,272.0,2110.6866155874977
1848,17501.37141713566,272.0,2110.6866155874977
1849,0.0,272.0,2411.0267549346586
1850,0.0,272.0,4506.592065298428
1851,0.0,272.0,4506.592065298428
1852,0.0,272.0,2253.296032649214
1853,0.0,272.0,2253.296032649214
1854,16849.854925852433,272.0,2253.296032649214
1855,0.0,272.0,0.0
1856,0.0,272.0,0.0
1857,0.0,272.0,0.0
1858,0.0,272.0,0.0
1859,0.0,272.0,2095.565310363769
1860,16198.338434569205,272.0,2095.565310363769
1861,0.0,272.0,4191.130620727538
1862,0.0,272.0,4191.130620727538
1863,0.0,272.0,5412.129014796647
1864,0.0,272.0,7507.694325160415
1865,0.0,272.0,8692.0
1866,15546.82194328598,272.0,8692.0
1867,0.0,272.0,8692.0
1868,0.0,272.0,8692.0
1869,0.0,272.0,8692.0
1870,0.0,272.0,8657.56165387804
1871,0.0,272.0,8657.56165387804
1872,14895.305452002753,272.0,8657.56165387804
1873,0.0,272.0,8657.56165387804
1874,0.0,272.0,8657.56165387804
1875,0.0,272.0,8657.56165387804
1876,0.0,272.0,8657.56165387804
1877,0.0,272.0,8657.56165387804
1878,14243.788960719528,272.0,8657.56165387804
1879,0.0,272.0,6932.914199690287
1880,0.0,247.4626135594409,4679.618167041073
1881,0.0,222.92522711888185,2426.322134391859
1882,0.0,198.38784067832276,173.02610174264498
1883,0.0,198.38784067832276,0.0
1884,13592.2724694363,198.38784067832276,900.5926282261662
1885,0.0,198.38784067832276,2405.3040689086934
1886,0.0,198.38784067832276,4500.869379272463
1887,0.0,198.38784067832276,6596.434689636231
1888,0.0,198.38784067832276,8692.0
1889,0.0,198.38784067832276,8692.0
1890,12940.755978153074,198.38784067832276,6438.703967350786
1891,0.0,198.38784067832276,6438.703967350786
1892,0.0,198.38784067832276,4185.407934701572
1893,0.0,198.38784067832276,1932.1119020523583
1894,0.0,198.38784067832276,1472.818795848589
1895,0.0,198.38784067832276,0.0
1896,12289.239486869848,198.38784067832276,0.0
1897,0.0,198.38784067832276,0.0
1898,0.0,198.38784067832276,157.7307222854447
1899,0.0,198.38784067832276,157.7307222854447
1900,0.0,198.38784067832276,2253.296032649214
1901,0.0,198.38784067832276,2253.296032649214
1902,11637.722995586622,198.38784067832276,2253.296032649214
1903,0.0,198.38784067832276,0.0
1904,0.0,198.38784067832276,0.0
1905,0.0,198.38784067832276,0.0
1906,0.0,198.38784067832276,2095.565310363769
1907,0.0,198.38784067832276,4191.130620727538
1908,10986.206504303396,198.38784067832276,4253.644517748164
1909,0.0,198.38784067832276,4253.644517748164
1910,0.0,198.38784067832276,6313.700285144314
1911,0.0,198.38784067832276,8409.265595508083
1912,0.0,198.38784067832276,8692.0
1913,0.0,198.38784067832276,8692.0
1914,11458.049058051374,198.38784067832276,8692.0
1915,0.0,198.38784067832276,8309.901536266543
1916,0.0,198.38784067832276,6461.230703598267
1917,0.0,198.38784067832276,4207.934670949053
1918,0.0,198.38784067832276,4207.934670949053
1919,0.0,198.38784067832276,1954.638638299839
1920,10806.532566768148,198.38784067832276,1954.638638299839
1921,0.0,198.38784067832276,1954.638638299839
1922,0.0,198.38784067832276,1954.638638299839
1923,0.0,198.38784067832276,1954.638638299839
1924,0.0,198.38784067832276,1954.638638299839
1925,0.0,198.38784067832276,1954.638638299839
1926,10155.016075484922,198.38784067832276,1954.638638299839
1927,0.0,198.38784067832276,0.0
1928,0.0,198.38784067832276,0.0
1929,0.0,198.38784067832276,0.0
1930,0.0,198.38784067832276,0.0
1931,0.0,198.38784067832276,0.0
1932,10626.8586292329,198.38784067832276,2030.0747303760031
1933,0.0,198.38784067832276,4125.640040739772
1934,0.0,198.38784067832276,4125.640040739772
1935,0.0,198.38784067832276,6221.205351103541
1936,0.0,198.38784067832276,6596.434689636231
1937,0.0,198.38784067832276,8692.0
1938,11098.701182980878,198.38784067832276,8692.0
1939,0.0,198.38784067832276,6438.703967350786
1940,0.0,198.38784067832276,4185.407934701572
1941,0.0,198.38784067832276,1932.1119020523583
1942,0.0,198.38784067832276,913.5575308018812
1943,0.0,198.38784067832276,0.0
1944,11570.543736728856,198.38784067832276,0.0
1945,0.0,198.38784067832276,0.0
1946,0.0,198.38784067832276,0.0
1947,0.0,198.38784067832276,0.0
1948,0.0,198.38784067832276,2095.565310363769
1949,0.0,198.38784067832276,2253.296032649214
1950,12042.386290476834,198.38784067832276,2253.296032649214
1951,0.0,198.38784067832276,0.0
1952,0.0,198.38784067832276,0.0
1953,0.0,198.38784067832276,0.0
1954,0.0,198.38784067832276,0.0
1955,0.0,198.38784067832276,2095.565310363769
1956,12514.228844224812,198.38784067832276,2095.565310363769
1957,0.0,198.38784067832276,4191.130620727538
1958,0.0,198.38784067832276,6286.695931091308
1959,0.0,198.38784067832276,6596.434689636231
1960,0.0,198.38784067832276,8692.0
1961,0.0,198.38784067832276,8692.0
1962,12986.07139797279,198.38784067832276,8692.0
1963,0.0,198.38784067832276,8692.0
1964,0.0,198.38784067832276,7479.472338255749
1965,0.0,198.38784067832276,6734.284274804463
1966,0.0,198.38784067832276,5715.930416072288
1967,0.0,198.38784067832276,5715.930416072288
1968,13028.742083920892,198.38784067832276,5715.930416072288
1969,0.0,198.38784067832276,6066.299391274049
1970,0.0,198.38784067832276,6731.059567688377
1971,0.0,198.38784067832276,6951.0376732730765
1972,0.0,198.38784067832276,6951.0376732730765
1973,0.0,198.38784067832276,6951.0376732730765
1974,12377.225592637667,198.38784067832276,6951.0376732730765
1975,0.0,198.38784067832276,5394.597007192308
1976,0.0,173.85045423776364,3141.3009745430945
1977,0.0,149.31306779720455,888.0049418938809
1978,0.0,149.31306779720455,753.301697074417
1979,0.0,149.31306779720455,1927.033956668035
1980,11725.70910135444,149.31306779720455,4022.599267031804
1981,0.0,149.31306779720455,6118.164577395573
1982,0.0,149.31306779720455,8213.729887759342
1983,0.0,149.31306779720455,8692.0
1984,0.0,149.31306779720455,8692.0
1985,0.0,124.77568135664546,8692.0
1986,11074.192610071215,100.23829491608636,6438.703967350786
1987,0.0,75.70090847552729,4343.232075003567
1988,0.0,51.1635220349682,2089.936042354353
1989,0.0,26.626135594409103,0.0
1990,0.0,2.08874915385001,0.0
1991,0.0,0.0,0.0
1992,10422.67611878799,0.0,0.0
1993,0.0,0.0,0.0
1994,0.0,0.0,0.0
1995,0.0,0.0,0.0
1996,0.0,0.0,1138.599167101294
1997,0.0,0.0,496.7334841929429
1998,9771.159627504763,0.0,0.0
1999,0.0,0.0,0.0
2000,0.0,0.0,0.0
2001,0.0,0.0,0.0
2002,0.0,0.0,0.0
2003,0.0,0.0,2095.565310363769
2004,9119.643136221535,0.0,2942.9980817855826
2005,0.0,0.0,5038.563392149352
2006,0.0,0.0,7134.1287025131205
2007,0.0,0.0,8661.32056610535
2008,0.0,0.0,8692.0
2009,0.0,0.0,8692.0
2010,8468.126644938311,0.0,6857.374850685883
2011,0.0,0.0,4604.078818036669
2012,0.0,0.0,2350.782785387455
2013,0.0,0.0,970.9429395944204
2014,0.0,0.0,0.0
2015,0.0,0.0,0.0
2016,7816.610153655084,0.0,0.0
2017,0.0,0.0,94.4170837819991
2018,0.0,0.0,1398.9760878830775
2019,0.0,0.0,2474.885554769766
2020,0.0,0.0,3307.237524562507
2021,0.0,0.0,4290.839112800597
2022,7165.093662371858,0.0,4140.828470496132
2023,0.0,0.0,1887.5324378469177
2024,0.0,0.0,0.0
2025,0.0,0.0,0.0
2026,0.0,0.0,0.0
2027,0.0,0.0,0.0
2028,6513.577171088632,0.0,0.0
2029,0.0,0.0,689.6918558705205
2030,0.0,0.0,2785.25716623429
2031,0.0,0.0,3616.241642252488
2032,0.0,0.0,5711.806952616258
2033,0.0,0.0,6315.702748120261
2034,5862.060679805406,0.0,4901.221583327057
2035,0.0,0.0,3988.555281509003
2036,0.0,0.0,2253.296032649214
2037,0.0,0.0,2253.296032649214
2038,0.0,0.0,0.0
2039,0.0,0.0,0.0
2040,5210.54418852218,0.0,0.0
2041,0.0,0.0,0.0
2042,0.0,0.0,0.0
2043,0.0,0.0,0.0
2044,0.0,0.0,0.0
2045,0.0,0.0,0.0
2046,4559.027697238954,0.0,1785.7225962867349
2047,0.0,0.0,0.0
2048,0.0,0.0,0.0
2049,0.0,0.0,0.0
2050,0.0,0.0,0.0
2051,0.0,0.0,2095.565310363769
2052,3907.511205955728,0.0,2405.3040689086934
2053,0.0,0.0,4500.869379272463
2054,0.0,0.0,6596.434689636231
2055,0.0,0.0,8692.0
2056,0.0,0.0,8692.0
2057,0.0,0.0,8692.0
2058,3255.9947146725017,0.0,8584.018723688525
2059,0.0,0.0,8064.100125593482
2060,0.0,0.0,5810.804092944268
2061,0.0,0.0,3557.508060295054
2062,0.0,0.0,1304.21202764584
2063,0.0,0.0,0.0
2064,2604.478223389275,0.0,0.0
2065,0.0,0.0,0.0
2066,0.0,0.0,0.0
2067,0.0,0.0,0.0
2068,0.0,0.0,0.0
2069,0.0,0.0,0.0
2070,1952.9617321060489,0.0,0.0
2071,0.0,0.0,0.0
2072,0.0,0.0,0.0
2073,0.0,0.0,0.0
2074,0.0,0.0,0.0
2075,0.0,0.0,0.0
2076,2424.8042858540275,0.0,0.0
2077,0.0,0.0,0.0
2078,0.0,0.0,0.0
2079,0.0,0.0,0.0
2080,0.0,0.0,0.0
2081,0.0,0.0,60.59221109801655
2082,2896.6468396020064,0.0,60.59221109801655
2083,0.0,0.0,60.59221109801655
2084,0.0,0.0,60.59221109801655
2085,0.0,0.0,0.0
2086,0.0,0.0,0.0
2087,0.0,0.0,0.0
2088,3368.489393349985,0.0,0.0
2089,0.0,0.0,0.0
2090,0.0,0.0,0.0
2091,0.0,0.0,33.844709251895246
2092,0.0,0.0,157.7307222854447
2093,0.0,0.0,157.7307222854447
2094,3840.331947097964,0.0,2253.296032649214
2095,0.0,0.0,0.0
2096,0.0,0.0,0.0
2097,0.0,0.0,0.0
2098,0.0,0.0,0.0
2099,0.0,0.0,0.0
2100,4312.174500845943,0.0,886.9681184013261
2101,0.0,0.0,2982.533428765096
2102,0.0,0.0,2982.533428765096
2103,0.0,0.0,2982.533428765096
2104,0.0,0.0,2982.533428765096
2105,0.0,0.0,2982.533428765096
2106,4784.017054593922,0.0,729.2373961158816
2107,0.0,0.0,0.0
2108,0.0,0.0,0.0
2109,0.0,0.0,0.0
2110,0.0,0.0,0.0
2111,0.0,0.0,0.0
2112,5255.859608341901,0.0,0.0
2113,0.0,0.0,0.0
2114,0.0,0.0,0.0
2115,0.0,0.0,0.0
2116,0.0,0.0,0.0
2117,0.0,0.0,0.0
2118,5727.70216208988,0.0,0.0
2119,0.0,0.0,0.0
2120,0.0,0.0,0.0
2121,0.0,0.0,0.0
2122,0.0,0.0,0.0
2123,0.0,0.0,0.0
2124,6199.544715837858,0.0,0.0
2125,0.0,0.0,246.6168674624469
2126,0.0,0.0,2342.182177826216
2127,0.0,0.0,4437.747488189985
2128,0.0,0.0,6533.312798553754
2129,0.0,0.0,8628.878108917523
2130,6671.387269585837,0.0,8628.878108917523
2131,0.0,0.0,6759.888097947642
2132,0.0,0.0,4506.592065298428
2133,0.0,0.0,2253.296032649214
2134,0.0,0.0,0.0
2135,0.0,0.0,0.0
2136,7143.229823333816,0.0,0.0
2137,0.0,0.0,0.0
2138,0.0,0.0,0.0
2139,0.0,0.0,0.0
2140,0.0,0.0,0.0
2141,0.0,0.0,2095.565310363769
2142,7615.072377081795,0.0,4191.130620727538
2143,0.0,0.0,1937.8345880783245
2144,0.0,0.0,0.0
2145,0.0,0.0,0.0
2146,0.0,0.0,0.0
2147,0.0,0.0,0.0
2148,8086.914930829774,0.0,0.0
2149,0.0,0.0,0.0
2150,0.0,0.0,1618.2096926638749
2151,0.0,0.0,2371.851705187993
2152,0.0,0.0,2371.851705187993
2153,0.0,0.0,2371.851705187993
2154,8558.757484577753,0.0,2371.851705187993
2155,0.0,0.0,2371.851705187993
2156,0.0,0.0,1786.8518279186474
2157,0.0,0.0,1041.191430445043
2158,0.0,0.0,0.0
2159,0.0,0.0,0.0
2160,9030.60003832573,0.0,0.0
2161,0.0,0.0,0.0
2162,0.0,0.0,1521.4627632670276
2163,0.0,0.0,1521.4627632670276
2164,0.0,0.0,2368.148219300461
2165,0.0,0.0,2368.148219300461
2166,9502.442592073709,0.0,2368.148219300461
2167,0.0,0.0,114.852186651247
2168,0.0,0.0,0.0
2169,0.0,0.0,0.0
2170,0.0,0.0,0.0
2171,0.0,0.0,0.0
2172,9974.285145821686,0.0,2095.565310363769
2173,0.0,0.0,2095.565310363769
2174,0.0,0.0,4191.130620727538
2175,0.0,0.0,6286.695931091308
2176,0.0,0.0,8382.261241455077
2177,0.0,0.0,8692.0
2178,10446.127699569664,0.0,8077.72582298626
2179,0.0,0.0,5824.429790337046
2180,0.0,0.0,3571.1337576878323
2181,0.0,0.0,1317.8377250386184
2182,0.0,0.0,0.0
2183,0.0,0.0,0.0
2184,10917.970253317642,0.0,0.0
2185,0.0,0.0,2095.565310363769
2186,0.0,0.0,2095.565310363769
2187,0.0,0.0,2411.0267549346586
2188,0.0,0.0,4506.592065298428
2189,0.0,0.0,4506.592065298428
2190,11389.81280706562,0.0,4506.592065298428
2191,0.0,0.0,2253.296032649214
2192,0.0,0.0,0.0
2193,0.0,0.0,0.0
2194,0.0,0.0,0.0
2195,0.0,47.11178196587346,309.73875854492417
2196,11861.655360813598,94.22356393174692,2405.3040689086934
2197,0.0,141.3353458976204,4500.869379272463
2198,0.0,188.44712786349385,6596.434689636231
2199,0.0,235.5589098293673,8692.0
2200,0.0,272.0,8692.0
2201,0.0,272.0,8692.0
2202,12333.497914561576,272.0,8692.0
2203,0.0,272.0,8692.0
2204,0.0,272.0,8692.0
2205,0.0,272.0,8692.0
2206,0.0,272.0,7771.02606946602
2207,0.0,272.0,7771.02606946602
2208,11681.98142327835,272.0,7771.02606946602
2209,0.0,272.0,7771.02606946602
2210,0.0,272.0,7771.02606946602
2211,0.0,272.0,8692.0
2212,0.0,272.0,8692.0
2213,0.0,272.0,8692.0
2214,11030.464931995124,272.0,7549.502357099293
2215,0.0,272.0,5296.206324450079
2216,0.0,247.4626135594409,3042.9102918008643
2217,0.0,247.4626135594409,789.6142591516506
2218,0.0,247.4626135594409,0.0
2219,0.0,247.4626135594409,259.5885272734659
2220,10378.948440711898,247.4626135594409,2151.1158471780336
2221,0.0,247.4626135594409,3348.7240990531823
2222,0.0,247.4626135594409,5444.289409416952
2223,0.0,247.4626135594409,7539.854719780721
2224,0.0,247.4626135594409,8692.0
2225,0.0,247.4626135594409,8692.0
2226,9727.431949428672,222.92522711888185,6438.703967350786
2227,0.0,198.38784067832276,4185.407934701572
2228,0.0,173.85045423776364,1932.1119020523583
2229,0.0,149.31306779720455,215.44123688037556
2230,0.0,147.22431864335456,0.0
2231,0.0,147.22431864335456,0.0
2232,9075.915458145446,147.22431864335456,0.0
2233,0.0,147.22431864335456,0.0
2234,0.0,147.22431864335456,244.0373043545806
2235,0.0,147.22431864335456,940.5654073706636
2236,0.0,147.22431864335456,1925.4134067634257
2237,0.0,147.22431864335456,2607.620725137881
2238,8424.39896686222,147.22431864335456,2703.062148135458
2239,0.0,147.22431864335456,1185.0299075454436
2240,0.0,147.22431864335456,302.5361716916799
2241,0.0,147.22431864335456,0.0
2242,0.0,147.22431864335456,0.0
2243,0.0,147.22431864335456,0.0
2244,7772.882475578993,147.22431864335456,0.0
2245,0.0,147.22431864335456,2095.565310363769
2246,0.0,147.22431864335456,4191.130620727538
2247,0.0,147.22431864335456,6286.695931091308
2248,0.0,147.22431864335456,8382.261241455077
2249,0.0,147.22431864335456,8692.0
2250,7121.365984295767,147.22431864335456,8692.0
2251,0.0,147.22431864335456,8692.0
2252,0.0,147.22431864335456,8692.0
2253,0.0,147.22431864335456,7938.356232161064
2254,0.0,147.22431864335456,7938.356232161064
2255,0.0,147.22431864335456,5685.06019951185
2256,6469.849493012541,147.22431864335456,5341.428793882591
2257,0.0,147.22431864335456,5930.561449004588
2258,0.0,147.22431864335456,6982.5813255414
2259,0.0,147.22431864335456,7879.179367066393
2260,0.0,147.22431864335456,8692.0
2261,0.0,147.22431864335456,6759.888097947642
2262,5818.333001729315,147.22431864335456,4506.592065298428
2263,0.0,147.22431864335456,2253.296032649214
2264,0.0,147.22431864335456,0.0
2265,0.0,147.22431864335456,0.0
2266,0.0,147.22431864335456,0.0
2267,0.0,147.22431864335456,0.0
2268,5166.816510446089,147.22431864335456,28.64797016710957
2269,0.0,147.22431864335456,2124.213280530879
2270,0.0,147.22431864335456,4219.778590894648
2271,0.0,147.22431864335456,6315.343901258417
2272,0.0,147.22431864335456,7533.22342299559
2273,0.0,147.22431864335456,8692.0
2274,4515.300019162863,147.22431864335456,6438.703967350786
2275,0.0,147.22431864335456,4762.97690725281
2276,0.0,147.22431864335456,2509.680874603596
2277,0.0,147.22431864335456,620.005495922582
2278,0.0,147.22431864335456,92.72631907497816
2279,0.0,147.22431864335456,92.72631907497816
2280,3863.783527879637,147.22431864335456,2188.291629438748
2281,0.0,147.22431864335456,4244.559217171305
2282,0.0,147.22431864335456,6340.124527535074
2283,0.0,147.22431864335456,8435.689837898843
2284,0.0,147.22431864335456,8435.689837898843
2285,0.0,147.22431864335456,8435.689837898843
2286,3212.2670365964104,147.22431864335456,8435.689837898843
2287,0.0,147.22431864335456,8435.689837898843
2288,0.0,147.22431864335456,7475.532731494475
2289,0.0,147.22431864335456,5701.246430004677
2290,0.0,147.22431864335456,3700.756348560388
2291,0.0,147.22431864335456,3382.771373291672
2292,2560.7505453131844,147.22431864335456,3767.2940225733046
2293,0.0,147.22431864335456,5183.054969027497
2294,0.0,147.22431864335456,6986.182935083294
2295,0.0,147.22431864335456,8666.269917588439
2296,0.0,147.22431864335456,8692.0
2297,0.0,147.22431864335456,8692.0
2298,1909.234054029958,122.68693220279546,7243.936707794614
2299,0.0,98.14954576223636,5652.275437326389
2300,0.0,73.61215932167728,3480.7445291765544
2301,0.0,49.074772881118186,1482.8937908152154
2302,0.0,24.537386440559093,292.7822142596028
2303,0.0,0.0,0.0
2304,1257.7175627467318,0.0,0.0
2305,0.0,0.0,0.0
2306,0.0,0.0,0.0
2307,0.0,0.0,653.9165291595882
2308,0.0,0.0,804.1217493379721
2309,0.0,0.0,1824.3910553834337
2310,1729.5601164947104,0.0,1824.3910553834337
2311,0.0,0.0,0.0
2312,0.0,0.0,0.0
2313,0.0,0.0,0.0
2314,0.0,0.0,0.0
2315,0.0,47.11178196587346,2095.565310363769
2316,2201.402670242689,94.22356393174692,4191.130620727538
2317,0.0,130.6646541023796,5070.069877487144
2318,0.0,177.77643606825308,7165.635187850912
2319,0.0,224.8882180341265,8692.0
2320,0.0,272.0,8692.0
2321,0.0,272.0,8692.0
2322,2673.245223990668,272.0,8307.500439508987
2323,0.0,272.0,7299.224717488187
2324,0.0,272.0,5147.276878323657
2325,0.0,272.0,3309.190997267756
2326,0.0,272.0,1944.037034666372
2327,0.0,272.0,1798.0700263500903
2328,3145.0877777386468,272.0,1798.0700263500903
2329,0.0,272.0,1949.1537671134229
2330,0.0,272.0,2948.091030197418
2331,0.0,272.0,3276.0613285257723
2332,0.0,272.0,3276.0613285257723
2333,0.0,272.0,3276.0613285257723
2334,3616.9303314866256,272.0,3276.0613285257723
2335,0.0,272.0,2516.9572046554104
2336,0.0,272.0,1175.0822565207077
2337,0.0,272.0,1175.0822565207077
2338,0.0,272.0,1175.0822565207077
2339,0.0,272.0,1960.9579226014384
2340,4088.772885234605,272.0,4056.523232965208
2341,0.0,272.0,6152.088543328977
2342,0.0,272.0,8247.653853692746
2343,0.0,272.0,8692.0
2344,0.0,272.0,8692.0
2345,0.0,272.0,8692.0
2346,4560.615438982583,247.4626135594409,7677.698844166472
2347,0.0,222.92522711888185,5808.986349864347
2348,0.0,198.38784067832276,3555.6903172151333
2349,0.0,173.85045423776364,1315.7778228741984
2350,0.0,149.31306779720455,0.0
2351,0.0,124.77568135664546,0.0
2352,3909.098947699357,124.77568135664546,0.0
2353,0.0,124.77568135664546,0.0
2354,0.0,124.77568135664546,335.0471268963414
2355,0.0,124.77568135664546,717.2093012576098
2356,0.0,124.77568135664546,1201.5935730633278
2357,0.0,124.77568135664546,2637.55743665608
2358,3257.582456416131,124.77568135664546,2637.55743665608
2359,0.0,100.23829491608636,1728.4741259624325
2360,0.0,75.70090847552729,0.0
2361,0.0,75.70090847552729,0.0
2362,0.0,75.70090847552729,0.0
2363,0.0,75.70090847552729,304.9733659938389
2364,2606.065965132905,75.70090847552729,304.9733659938389
2365,0.0,75.70090847552729,503.23890326553465
2366,0.0,75.70090847552729,2598.804213629304
2367,0.0,102.07552759272582,4694.369523993073
2368,0.0,149.18730955859928,6789.934834356842
2369,0.0,196.29909152447277,8692.0
2370,1954.5494738496789,171.76170508391365,8322.662418428788
2371,0.0,147.22431864335456,6601.628440834117
2372,0.0,122.68693220279546,4348.332408184903
2373,0.0,98.14954576223636,2095.0363755356893
2374,0.0,73.61215932167728,309.87536145476633
2375,0.0,49.074772881118186,0.0
2376,1303.0329825664526,49.074772881118186,0.0
2377,0.0,49.074772881118186,556.4802164574676
2378,0.0,49.074772881118186,556.4802164574676
2379,0.0,49.074772881118186,556.4802164574676
2380,0.0,49.074772881118186,852.9178340870926
2381,0.0,49.074772881118186,2128.2417140964485
2382,651.5164912832263,49.074772881118186,2511.503869067406
2383,0.0,24.537386440559093,1781.9002115023825
2384,0.0,0.0,0.0
2385,0.0,0.0,0.0
2386,0.0,0.0,0.0
2387,0.0,0.0,0.0
2388,0.0,0.0,2095.565310363769
2389,0.0,0.0,2783.4002165807565
2390,0.0,0.0,4878.965526944526
2391,0.0,0.0,6974.530837308295
2392,0.0,0.0,8692.0
2393,0.0,0.0,8692.0
2394,471.8425537479786,0.0,8362.893994486893
2395,0.0,0.0,6109.597961837679
2396,0.0,0.0,3856.301929188465
2397,0.0,0.0,1731.966916046947
2398,0.0,0.0,0.0
2399,0.0,0.0,0.0
2400,943.6851074959573,0.0,0.0
2401,0.0,0.0,0.0
2402,0.0,0.0,0.0
2403,0.0,0.0,0.0
2404,0.0,0.0,590.8008197708763
2405,0.0,0.0,590.8008197708763
2406,1415.527661243936,0.0,590.8008197708763
2407,0.0,0.0,0.0
2408,0.0,0.0,0.0
2409,0.0,0.0,0.0
2410,0.0,0.0,0.0
2411,0.0,0.0,0.0
2412,1887.3702149919145,0.0,0.0
2413,0.0,0.0,0.0
2414,0.0,0.0,0.0
2415,0.0,0.0,0.0
2416,0.0,0.0,0.0
2417,0.0,0.0,0.0
2418,2359.2127687398934,0.0,0.0
2419,0.0,0.0,449.9152269769727
2420,0.0,0.0,1423.6513532711613
2421,0.0,0.0,1813.2346388820467
2422,0.0,0.0,734.4014327312645
2423,0.0,0.0,0.0
2424,2831.055322487872,0.0,0.0
2425,0.0,0.0,2067.1967376172915
2426,0.0,0.0,4162.762047981061
2427,0.0,0.0,6258.32735834483
2428,0.0,0.0,6258.32735834483
2429,0.0,0.0,6258.32735834483
2430,3302.897876235851,0.0,4506.592065298428
2431,0.0,0.0,2253.296032649214
2432,0.0,0.0,0.0
2433,0.0,0.0,0.0
2434,0.0,0.0,0.0
2435,0.0,0.0,0.0
2436,3774.74042998383,0.0,0.0
2437,0.0,0.0,0.0
2438,0.0,0.0,309.73875854492417
2439,0.0,0.0,2405.3040689086934
2440,0.0,0.0,4500.869379272463
2441,0.0,0.0,6596.434689636231
2442,4246.582983731809,0.0,8692.0
2443,0.0,0.0,8692.0
2444,0.0,0.0,8692.0
2445,0.0,0.0,8692.0
2446,0.0,0.0,6438.703967350786
2447,0.0,0.0,4185.407934701572
2448,4718.425537479788,28.463368271048537,5141.166526519468
2449,0.0,75.575150236922,7236.731836883237
2450,0.0,122.68693220279546,8692.0
2451,0.0,122.68693220279546,8692.0
2452,0.0,122.68693220279546,8692.0
2453,0.0,122.68693220279546,8692.0
2454,5190.268091227767,122.68693220279546,8692.0
2455,0.0,122.68693220279546,6438.703967350786
2456,0.0,122.68693220279546,4185.407934701572
2457,0.0,122.68693220279546,4185.407934701572
2458,0.0,122.68693220279546,4500.869379272463
2459,0.0,122.68693220279546,6596.434689636231
2460,5662.110644975745,122.68693220279546,8692.0
2461,0.0,122.68693220279546,8692.0
2462,0.0,122.68693220279546,8692.0
2463,0.0,122.68693220279546,8692.0
2464,0.0,122.68693220279546,8692.0
2465,0.0,122.68693220279546,8692.0
2466,6133.953198723724,98.14954576223636,6833.70286985426
2467,0.0,73.61215932167728,4580.406837205046
2468,0.0,49.074772881118186,2327.110804555832
2469,0.0,24.537386440559093,73.81477190661816
2470,0.0,0.0,0.0
2471,0.0,0.0,0.0
2472,6605.795752471703,0.0,0.0
2473,0.0,0.0,0.0
2474,0.0,0.0,0.0
2475,0.0,0.0,0.0
2476,0.0,0.0,0.0
2477,0.0,0.0,0.0
2478,7077.638306219682,0.0,0.0
2479,0.0,0.0,0.0
2480,0.0,0.0,0.0
2481,0.0,0.0,0.0
2482,0.0,0.0,0.0
2483,0.0,0.0,0.0
2484,7549.480859967661,0.0,1189.6095897461191
2485,0.0,0.0,3285.1749001098883
2486,0.0,0.0,5380.7402104736575
2487,0.0,36.44109017063269,7476.305520837426
2488,0.0,83.55287213650615,8692.0
2489,0.0,83.55287213650615,8692.0
2490,8021.32341371564,83.55287213650615,8692.0
2491,0.0,83.55287213650615,6438.703967350786
2492,0.0,83.55287213650615,4185.407934701572
2493,0.0,83.55287213650615,3389.6245788504866
2494,0.0,83.55287213650615,2253.296032649214
2495,0.0,83.55287213650615,2253.296032649214
2496,8493.165967463618,83.55287213650615,2253.296032649214
2497,0.0,83.55287213650615,2253.296032649214
2498,0.0,83.55287213650615,2253.296032649214
2499,0.0,83.55287213650615,2253.296032649214
2500,0.0,83.55287213650615,2253.296032649214
2501,0.0,83.55287213650615,2253.296032649214
2502,8965.008521211596,83.55287213650615,2253.296032649214
2503,0.0,83.55287213650615,0.0
2504,0.0,83.55287213650615,0.0
2505,0.0,83.55287213650615,0.0
2506,0.0,83.55287213650615,0.0
2507,0.0,83.55287213650615,135.5492879536098
2508,9436.851074959572,130.6646541023796,2231.114598317379
2509,0.0,177.77643606825308,4326.679908681148
2510,0.0,224.8882180341265,6422.245219044917
2511,0.0,272.0,8517.810529408685
2512,0.0,272.0,8692.0
2513,0.0,272.0,8692.0
2514,9908.693628707551,272.0,8692.0
2515,0.0,272.0,8692.0
2516,0.0,272.0,8692.0
2517,0.0,272.0,8692.0
2518,0.0,272.0,8692.0
2519,0.0,272.0,8547.857181441657
2520,10380.53618245553,272.0,8547.857181441657
2521,0.0,272.0,8547.857181441657
2522,0.0,272.0,8547.857181441657
2523,0.0,272.0,8692.0
2524,0.0,269.91125084615004,8692.0
2525,0.0,245.3738644055909,7492.647258296892
2526,10852.378736203507,220.83647796503183,6758.953347688675
2527,0.0,196.29909152447277,4505.6573150394615
2528,0.0,171.76170508391365,2252.361282390248
2529,0.0,147.22431864335456,0.0
2530,0.0,147.22431864335456,0.0
2531,0.0,147.22431864335456,2095.565310363769
2532,11324.221289951483,147.22431864335456,2095.565310363769
2533,0.0,147.22431864335456,4191.130620727538
2534,0.0,147.22431864335456,4500.869379272463
2535,0.0,147.22431864335456,6596.434689636231
2536,0.0,147.22431864335456,8692.0
2537,0.0,147.22431864335456,8692.0
2538,11796.063843699463,122.68693220279546,6670.893110366418
2539,0.0,98.14954576223636,4417.597077717204
2540,0.0,73.61215932167728,2164.3010450679903
2541,0.0,49.074772881118186,0.0
2542,0.0,24.537386440559093,0.0
2543,0.0,0.0,0.0
2544,11144.547352416235,0.0,0.0
2545,0.0,0.0,1387.781248612272
2546,0.0,0.0,1387.781248612272
2547,0.0,0.0,1387.781248612272
2548,0.0,0.0,1387.781248612272
2549,0.0,0.0,1387.781248612272
2550,10493.030861133013,0.0,1387.781248612272
2551,0.0,0.0,0.0
2552,0.0,0.0,0.0
2553,0.0,0.0,0.0
2554,0.0,0.0,0.0
2555,0.0,0.0,0.0
2556,9841.514369849783,0.0,229.45132393338656
2557,0.0,0.0,618.3765973777329
2558,0.0,0.0,1674.926193244517
2559,0.0,0.0,2253.296032649214
2560,0.0,0.0,2253.296032649214
2561,0.0,0.0,2253.296032649214
2562,9189.99787856656,0.0,0.0
2563,0.0,0.0,0.0
2564,0.0,0.0,0.0
2565,0.0,0.0,0.0
2566,0.0,0.0,0.0
2567,0.0,0.0,0.0
2568,8538.481387283333,0.0,0.0
2569,0.0,0.0,0.0
2570,0.0,0.0,0.0
2571,0.0,0.0,0.0
2572,0.0,0.0,0.0
2573,0.0,0.0,0.0
2574,7886.964896000107,0.0,0.0
2575,0.0,0.0,0.0
2576,0.0,0.0,0.0
2577,0.0,0.0,0.0
2578,0.0,0.0,1476.999675699248
2579,0.0,0.0,3350.3061169368184
2580,7235.448404716881,0.0,4500.869379272463
2581,0.0,0.0,4500.869379272463
2582,0.0,0.0,4500.869379272463
2583,0.0,0.0,4500.869379272463
2584,0.0,0.0,6596.434689636231
2585,0.0,0.0,8692.0
2586,7707.29095846486,0.0,8692.0
2587,0.0,0.0,6438.703967350786
2588,0.0,0.0,4185.407934701572
2589,0.0,0.0,3305.5581761368912
2590,0.0,0.0,1052.2621434876776
2591,0.0,0.0,1052.2621434876776
2592,8179.1335122128385,0.0,1052.2621434876776
2593,0.0,0.0,1052.2621434876776
2594,0.0,0.0,1052.2621434876776
2595,0.0,0.0,0.0
2596,0.0,0.0,0.0
2597,0.0,0.0,0.0
2598,8650.976065960816,0.0,0.0
2599,0.0,0.0,0.0
2600,0.0,0.0,0.0
2601,0.0,0.0,0.0
2602,0.0,0.0,1602.9828408230303
2603,0.0,0.0,1602.9828408230303
2604,9122.818619708794,0.0,3698.5481511868
2605,0.0,47.11178196587346,3698.5481511868
2606,0.0,47.11178196587346,5794.113461550569
2607,0.0,94.22356393174692,7889.678771914338
2608,0.0,98.14954576223636,8692.0
2609,0.0,98.14954576223636,8692.0
2610,9594.661173456772,98.14954576223636,8692.0
2611,0.0,98.14954576223636,8692.0
2612,0.0,73.61215932167728,6438.703967350786
2613,0.0,49.074772881118186,4185.407934701572
2614,0.0,49.074772881118186,3319.894431589051
2615,0.0,49.074772881118186,3319.894431589051
2616,10066.50372720475,49.074772881118186,3319.894431589051
2617,0.0,49.074772881118186,3319.894431589051
2618,0.0,49.074772881118186,3319.894431589051
2619,0.0,49.074772881118186,3319.894431589051
2620,0.0,49.074772881118186,4506.592065298428
2621,0.0,49.074772881118186,4506.592065298428
2622,10538.346280952728,49.074772881118186,4506.592065298428
2623,0.0,24.537386440559093,2253.296032649214
2624,0.0,0.0,0.0
2625,0.0,0.0,0.0
2626,0.0,0.0,0.0
2627,0.0,0.0,0.0
2628,11010.188834700706,0.0,2095.565310363769
2629,0.0,0.0,4191.130620727538
2630,0.0,0.0,6286.695931091308
2631,0.0,0.0,7262.393114340771
2632,0.0,0.0,8692.0
2633,0.0,0.0,8692.0
2634,11482.031388448684,0.0,8692.0
2635,0.0,0.0,8692.0
2636,0.0,0.0,8692.0
2637,0.0,0.0,6438.703967350786
2638,0.0,0.0,6438.703967350786
2639,0.0,0.0,5621.055314888185
2640,11953.873942196662,0.0,4506.592065298428
2641,0.0,0.0,2253.296032649214
2642,0.0,0.0,2253.296032649214
2643,0.0,0.0,2253.296032649214
2644,0.0,0.0,2253.296032649214
2645,0.0,0.0,2253.296032649214
2646,12425.71649594464,0.0,2253.296032649214
2647,0.0,0.0,0.0
2648,0.0,0.0,0.0
2649,0.0,0.0,0.0
2650,0.0,0.0,0.0
2651,0.0,0.0,309.73875854492417
2652,12897.559049692618,47.11178196587346,2405.3040689086934
2653,0.0,94.22356393174692,4500.869379272463
2654,0.0,141.3353458976204,6596.434689636231
2655,0.0,188.44712786349385,6596.434689636231
2656,0.0,235.5589098293673,8692.0
2657,0.0,272.0,8692.0
2658,13369.401603440596,272.0,6438.703967350786
2659,0.0,272.0,6438.703967350786
2660,0.0,272.0,6438.703967350786
2661,0.0,272.0,5269.233326590898
2662,0.0,272.0,3015.9372939416844
2663,0.0,272.0,3015.9372939416844
2664,13841.244157188574,272.0,2840.7315211583027
2665,0.0,272.0,2840.7315211583027
2666,0.0,272.0,2840.7315211583027
2667,0.0,272.0,2840.7315211583027
2668,0.0,272.0,2840.7315211583027
2669,0.0,272.0,2840.7315211583027
2670,14313.086710936552,272.0,2415.16255726457
2671,0.0,272.0,161.86652461535596
2672,0.0,272.0,0.0
2673,0.0,272.0,0.0
2674,0.0,272.0,2095.565310363769
2675,0.0,272.0,2095.565310363769
2676,14784.92926468453,272.0,2405.3040689086934
2677,0.0,272.0,4500.869379272463
2678,0.0,272.0,6596.434689636231
2679,0.0,272.0,6596.434689636231
2680,0.0,272.0,8692.0
2681,0.0,272.0,8692.0
2682,15256.771818432508,272.0,8692.0
2683,0.0,269.91125084615004,8480.494774967536
2684,0.0,269.91125084615004,6558.704117983288
2685,0.0,269.91125084615004,4784.090875120525
2686,0.0,269.91125084615004,4181.070957921855
2687,0.0,269.91125084615004,3355.397872195752
2688,15728.614372180486,269.91125084615004,3953.900658865522
2689,0.0,269.91125084615004,5223.064661412587
2690,0.0,269.91125084615004,6106.481448212408
2691,0.0,269.91125084615004,6560.539658538668
2692,0.0,269.91125084615004,6779.12836881537
2693,0.0,269.91125084615004,6779.12836881537
2694,16200.456925928464,245.3738644055909,6705.6066757005465
2695,0.0,220.83647796503183,4452.310643051333
2696,0.0,196.29909152447277,2199.014610402119
2697,0.0,196.29909152447277,0.0
2698,0.0,196.29909152447277,0.0
2699,0.0,196.29909152447277,0.0
2700,16672.299479676443,196.29909152447277,1123.996146781916
2701,0.0,196.29909152447277,2457.3819503071104
2702,0.0,196.29909152447277,4552.94726067088
2703,0.0,196.29909152447277,6648.512571034649
2704,0.0,196.29909152447277,8692.0
2705,0.0,196.29909152447277,8692.0
2706,17144.14203342442,196.29909152447277,8692.0
2707,0.0,171.76170508391365,7432.892808415509
2708,0.0,147.22431864335456,5179.596775766295
2709,0.0,122.68693220279546,3286.23134898274
2710,0.0,98.14954576223636,1032.935316333526
2711,0.0,73.61215932167728,1026.859053192899
2712,17615.9845871724,49.074772881118186,1026.859053192899
2713,0.0,49.074772881118186,1026.859053192899
2714,0.0,49.074772881118186,1026.859053192899
2715,0.0,49.074772881118186,1026.859053192899
2716,0.0,49.074772881118186,1026.859053192899
2717,0.0,49.074772881118186,1026.859053192899
2718,18087.827140920377,49.074772881118186,1026.859053192899
2719,0.0,24.537386440559093,0.0
2720,0.0,0.0,0.0
2721,0.0,0.0,0.0
2722,0.0,0.0,0.0
2723,0.0,0.0,0.0
2724,18009.787207953123,0.0,1801.7585383128808
2725,0.0,0.0,2405.3040689086934
2726,0.0,0.0,4500.869379272463
2727,0.0,0.0,6596.434689636231
2728,0.0,0.0,8692.0
2729,0.0,0.0,8692.0
2730,18481.6297617011,0.0,8692.0
2731,0.0,0.0,8692.0
2732,0.0,0.0,7666.771277105578
2733,0.0,0.0,7294.888443074058
2734,0.0,0.0,5041.592410424844
2735,0.0,0.0,2788.2963777756304
2736,18953.47231544908,0.0,2253.296032649214
2737,0.0,0.0,2253.296032649214
2738,0.0,0.0,2253.296032649214
2739,0.0,0.0,2253.296032649214
2740,0.0,0.0,2253.296032649214
2741,0.0,0.0,2253.296032649214
2742,19425.314869197056,0.0,2253.296032649214
2743,0.0,0.0,0.0
2744,0.0,0.0,0.0
2745,0.0,0.0,0.0
2746,0.0,0.0,0.0
2747,0.0,47.11178196587346,0.0
2748,19897.157422945034,47.11178196587346,1332.3886365002936
2749,0.0,47.11178196587346,1332.3886365002936
2750,0.0,94.22356393174692,3427.953946864063
2751,0.0,141.3353458976204,5523.519257227832
2752,0.0,188.44712786349385,6317.516582456667
2753,0.0,224.8882180341265,8413.081892820435
2754,20368.99997669301,272.0,8692.0
2755,0.0,272.0,8692.0
2756,0.0,272.0,8692.0
2757,0.0,272.0,8692.0
2758,0.0,272.0,8692.0
2759,0.0,272.0,8692.0
2760,20840.84253044099,272.0,8692.0
2761,0.0,272.0,8692.0
2762,0.0,272.0,8692.0
2763,0.0,272.0,8692.0
2764,0.0,272.0,8692.0
2765,0.0,272.0,8692.0
2766,21312.685084188968,272.0,8692.0
2767,0.0,272.0,8692.0
2768,0.0,272.0,8692.0
2769,0.0,272.0,8692.0
2770,0.0,272.0,8692.0
2771,0.0,272.0,8692.0
2772,21784.527637936942,272.0,8692.0
2773,0.0,272.0,8692.0
2774,0.0,272.0,8692.0
2775,0.0,272.0,8692.0
2776,0.0,272.0,8692.0
2777,0.0,272.0,8692.0
2778,22256.370191684924,247.4626135594409,7950.564384957865
2779,0.0,222.92522711888185,6770.111719789484
2780,0.0,198.38784067832276,4516.81568714027
2781,0.0,173.85045423776364,2263.519654491056
2782,0.0,149.31306779720455,10.223621841842032
2783,0.0,124.77568135664546,0.0
2784,21604.853700401694,124.77568135664546,0.0
2785,0.0,124.77568135664546,0.0
2786,0.0,124.77568135664546,0.0
2787,0.0,124.77568135664546,0.0
2788,0.0,124.77568135664546,0.0
2789,0.0,124.77568135664546,0.0
2790,20953.337209118472,124.77568135664546,0.0
2791,0.0,124.77568135664546,0.0
2792,0.0,124.77568135664546,0.0
2793,0.0,124.77568135664546,0.0
2794,0.0,124.77568135664546,0.0
2795,0.0,124.77568135664546,1396.2483332553588
2796,20301.82071783525,124.77568135664546,2405.3040689086934
2797,0.0,124.77568135664546,4500.869379272463
2798,0.0,124.77568135664546,6596.434689636231
2799,0.0,124.77568135664546,8692.0
2800,0.0,124.77568135664546,8692.0
2801,0.0,124.77568135664546,8692.0
2802,20773.663271583224,124.77568135664546,8692.0
2803,0.0,118.25569591775027,8692.0
2804,0.0,98.14954576223636,7219.930672828275
2805,0.0,73.61215932167728,4966.6346401790615
2806,0.0,49.074772881118186,2713.338607529848
2807,0.0,24.537386440559093,460.0425748806339
2808,20122.1467803,0.0,0.0
2809,0.0,0.0,0.0
2810,0.0,0.0,0.0
2811,0.0,0.0,0.0
2812,0.0,0.0,0.0
2813,0.0,0.0,0.0
2814,19470.63028901677,0.0,0.0
2815,0.0,0.0,0.0
2816,0.0,0.0,0.0
2817,0.0,0.0,0.0
2818,0.0,0.0,0.0
2819,0.0,0.0,1356.0558300415078
2820,18819.113797733546,0.0,1356.0558300415078
2821,0.0,0.0,3451.621140405277
2822,0.0,0.0,5547.186450769046
2823,0.0,47.11178196587346,7642.751761132816
2824,0.0,47.11178196587346,8692.0
2825,0.0,47.11178196587346,8692.0
2826,19290.956351481524,47.11178196587346,8692.0
2827,0.0,47.11178196587346,6759.888097947642
2828,0.0,47.11178196587346,6759.888097947642
2829,0.0,47.11178196587346,4506.592065298428
2830,0.0,47.11178196587346,2253.296032649214
2831,0.0,47.11178196587346,2253.296032649214
2832,19762.7989052295,47.11178196587346,2253.296032649214
2833,0.0,47.11178196587346,2253.296032649214
2834,0.0,47.11178196587346,2253.296032649214
2835,0.0,47.11178196587346,2253.296032649214
2836,0.0,47.11178196587346,2253.296032649214
2837,0.0,47.11178196587346,2253.296032649214
2838,20234.64145897748,47.11178196587346,2253.296032649214
2839,0.0,47.11178196587346,0.0
2840,0.0,47.11178196587346,0.0
2841,0.0,47.11178196587346,0.0
2842,0.0,47.11178196587346,439.8466270164381
2843,0.0,47.11178196587346,2405.3040689086934
2844,20706.484012725457,47.11178196587346,4500.869379272463
2845,0.0,47.11178196587346,6596.434689636231
2846,0.0,47.11178196587346,8692.0
2847,0.0,47.11178196587346,8692.0
2848,0.0,47.11178196587346,8692.0
2849,0.0,47.11178196587346,8692.0
2850,21178.326566473435,47.11178196587346,8692.0
2851,0.0,47.11178196587346,8692.0
2852,0.0,47.11178196587346,8692.0
2853,0.0,47.11178196587346,6438.703967350786
2854,0.0,47.11178196587346,4185.407934701572
2855,0.0,47.11178196587346,2322.173388332129
2856,21650.169120221413,47.11178196587346,2322.173388332129
2857,0.0,47.11178196587346,2322.173388332129
2858,0.0,47.11178196587346,2322.173388332129
2859,0.0,47.11178196587346,1713.4400214260008
2860,0.0,47.11178196587346,0.0
2861,0.0,47.11178196587346,0.0
2862,22122.01167396939,47.11178196587346,0.0
2863,0.0,47.11178196587346,0.0
2864,0.0,47.11178196587346,0.0
2865,0.0,47.11178196587346,0.0
2866,0.0,47.11178196587346,0.0
2867,0.0,47.11178196587346,0.0
2868,22593.85422771737,47.11178196587346,2095.565310363769
2869,0.0,47.11178196587346,4191.130620727538
2870,0.0,47.11178196587346,6286.695931091308
2871,0.0,47.11178196587346,8382.261241455077
2872,0.0,47.11178196587346,8692.0
2873,0.0,47.11178196587346,8692.0
2874,23065.696781465347,47.11178196587346,6438.703967350786
2875,0.0,47.11178196587346,4185.407934701572
2876,0.0,47.11178196587346,1932.1119020523583
2877,0.0,47.11178196587346,1599.292109699639
2878,0.0,47.11178196587346,0.0
2879,0.0,47.11178196587346,0.0
2880,22414.18029018212,47.11178196587346,0.0
2881,0.0,47.11178196587346,0.0
2882,0.0,47.11178196587346,0.0
2883,0.0,47.11178196587346,0.0
2884,0.0,47.11178196587346,0.0
2885,0.0,47.11178196587346,0.0
2886,21762.66379889889,47.11178196587346,0.0
2887,0.0,47.11178196587346,0.0
2888,0.0,47.11178196587346,0.0
2889,0.0,47.11178196587346,0.0
2890,0.0,47.11178196587346,0.0
2891,0.0,47.11178196587346,0.0
2892,21111.14730761567,47.11178196587346,0.0
2893,0.0,47.11178196587346,2095.565310363769
2894,0.0,47.11178196587346,2095.565310363769
2895,0.0,47.11178196587346,3863.53447500233
2896,0.0,47.11178196587346,3863.53447500233
2897,0.0,47.11178196587346,3863.53447500233
2898,20459.630816332443,47.11178196587346,3863.53447500233
2899,0.0,47.11178196587346,3863.53447500233
2900,0.0,47.11178196587346,3698.317945997605
2901,0.0,47.11178196587346,3698.317945997605
2902,0.0,47.11178196587346,2606.6704556965565
2903,0.0,47.11178196587346,1739.0165550595052
2904,19808.114325049217,47.11178196587346,573.4191969789446
2905,0.0,47.11178196587346,573.4191969789446
2906,0.0,47.11178196587346,573.4191969789446
2907,0.0,47.11178196587346,573.4191969789446
2908,0.0,47.11178196587346,573.4191969789446
2909,0.0,47.11178196587346,573.4191969789446
2910,19156.59783376599,47.11178196587346,573.4191969789446
2911,0.0,47.11178196587346,0.0
2912,0.0,47.11178196587346,0.0
2913,0.0,47.11178196587346,0.0
2914,0.0,47.11178196587346,1681.8589708028112
2915,0.0,47.11178196587346,3777.424281166581
2916,18505.081342482765,47.11178196587346,5872.98959153035
2917,0.0,47.11178196587346,6812.098203612448
2918,0.0,47.11178196587346,8692.0
2919,0.0,47.11178196587346,8692.0
2920,0.0,47.11178196587346,8692.0
2921,0.0,47.11178196587346,6438.703967350786
2922,18976.923896230743,47.11178196587346,5556.885168641035
2923,0.0,47.11178196587346,4506.592065298428
2924,0.0,47.11178196587346,2253.296032649214
2925,0.0,47.11178196587346,0.0
2926,0.0,47.11178196587346,0.0
2927,0.0,47.11178196587346,0.0
2928,18325.40740494752,47.11178196587346,0.0
2929,0.0,47.11178196587346,0.0
2930,0.0,47.11178196587346,0.0
2931,0.0,47.11178196587346,0.0
2932,0.0,47.11178196587346,0.0
2933,0.0,47.11178196587346,0.0
2934,17673.89091366429,47.11178196587346,0.0
2935,0.0,47.11178196587346,0.0
2936,0.0,47.11178196587346,0.0
2937,0.0,47.11178196587346,0.0
2938,0.0,47.11178196587346,2095.565310363769
2939,0.0,47.11178196587346,4191.130620727538
2940,18145.73346741227,47.11178196587346,4500.869379272463
2941,0.0,47.11178196587346,4500.869379272463
2942,0.0,47.11178196587346,6596.434689636231
2943,0.0,47.11178196587346,6596.434689636231
2944,0.0,47.11178196587346,6596.434689636231
2945,0.0,47.11178196587346,6596.434689636231
2946,18617.576021160246,47.11178196587346,6596.434689636231
2947,0.0,47.11178196587346,6596.434689636231
2948,0.0,47.11178196587346,6596.434689636231
2949,0.0,47.11178196587346,6596.434689636231
2950,0.0,47.11178196587346,6596.434689636231
2951,0.0,47.11178196587346,6596.434689636231
2952,19089.418574908224,47.11178196587346,6596.434689636231
2953,0.0,47.11178196587346,8692.0
2954,0.0,47.11178196587346,8692.0
2955,0.0,47.11178196587346,8692.0
2956,0.0,47.11178196587346,8692.0
2957,0.0,47.11178196587346,8692.0
2958,19561.2611286562,47.11178196587346,8692.0
2959,0.0,47.11178196587346,6994.5704358989615
2960,0.0,47.11178196587346,6994.5704358989615
2961,0.0,47.11178196587346,6994.5704358989615
2962,0.0,94.22356393174692,6994.5704358989615
2963,0.0,141.3353458976204,8692.0
2964,20033.10368240418,141.3353458976204,8692.0
2965,0.0,141.3353458976204,8692.0
2966,0.0,141.3353458976204,8692.0
2967,0.0,147.22431864335456,8692.0
2968,0.0,147.22431864335456,8692.0
2969,0.0,122.68693220279546,8692.0
2970,20504.94623615216,98.14954576223636,6438.703967350786
2971,0.0,73.61215932167728,4185.407934701572
2972,0.0,49.074772881118186,1932.1119020523583
2973,0.0,24.537386440559093,0.0
2974,0.0,0.0,0.0
2975,0.0,0.0,0.0
2976,20976.788789900136,0.0,0.0
2977,0.0,0.0,0.0
2978,0.0,0.0,0.0
2979,0.0,0.0,0.0
2980,0.0,0.0,0.0
2981,0.0,0.0,0.0
2982,21448.631343648118,0.0,2095.565310363769
2983,0.0,0.0,0.0
2984,0.0,0.0,0.0
2985,0.0,0.0,0.0
2986,0.0,0.0,0.0
2987,0.0,0.0,0.0
2988,21920.47389739609,0.0,0.0
2989,0.0,0.0,0.0
2990,0.0,0.0,655.5055544813031
2991,0.0,0.0,2751.0708648450723
2992,0.0,0.0,4846.636175208841
2993,0.0,0.0,6942.201485572611
2994,22392.31645114407,0.0,8692.0
2995,0.0,0.0,8692.0
2996,0.0,0.0,8692.0
2997,0.0,0.0,8692.0
2998,0.0,0.0,8692.0
2999,0.0,0.0,8692.0
3000,22864.159004892048,0.0,8692.0
3001,0.0,0.0,8692.0
3002,0.0,0.0,7911.842385186777
3003,0.0,0.0,7911.842385186777
3004,0.0,0.0,6496.690954378792
3005,0.0,0.0,4506.592065298428
3006,23336.001558640022,0.0,4506.592065298428
3007,0.0,0.0,2253.296032649214
3008,0.0,0.0,0.0
3009,0.0,0.0,0.0
3010,0.0,0.0,0.0
3011,0.0,0.0,0.0
3012,23807.844112388004,47.11178196587346,2041.4294105443016
3013,0.0,94.22356393174692,4136.994720908071
3014,0.0,141.3353458976204,6232.56003127184
3015,0.0,188.44712786349385,8328.125341635608
3016,0.0,235.5589098293673,8692.0
3017,0.0,272.0,8692.0
3018,24279.68666613598,272.0,8692.0
3019,0.0,272.0,8692.0
3020,0.0,272.0,6438.703967350786
3021,0.0,272.0,4185.407934701572
3022,0.0,272.0,1932.1119020523583
3023,0.0,272.0,0.0
3024,24751.52921988396,272.0,0.0
3025,0.0,272.0,157.7307222854447
3026,0.0,272.0,2253.296032649214
3027,0.0,272.0,2253.296032649214
3028,0.0,272.0,2253.296032649214
3029,0.0,272.0,2253.296032649214
3030,25223.371773631938,272.0,2253.296032649214
3031,0.0,272.0,2253.296032649214
3032,0.0,272.0,0.0
3033,0.0,272.0,0.0
3034,0.0,272.0,0.0
3035,0.0,272.0,0.0
3036,25695.21432737992,272.0,1389.6486383019746
3037,0.0,272.0,3485.213948665744
3038,0.0,272.0,5580.779259029513
3039,0.0,272.0,7676.344569393283
3040,0.0,272.0,8692.0
3041,0.0,272.0,8692.0
3042,26167.056881127894,272.0,8692.0
3043,0.0,247.4626135594409,8140.152975048879
3044,0.0,222.92522711888185,6869.165234765155
3045,0.0,198.38784067832276,4615.869202115941
3046,0.0,173.85045423776364,2574.121197240265
3047,0.0,149.31306779720455,1374.6019585473305
3048,26638.89943487587,124.77568135664546,1374.6019585473305
3049,0.0,100.23829491608636,1374.6019585473305
3050,0.0,100.23829491608636,1498.2132610619306
3051,0.0,100.23829491608636,1691.40516050505
3052,0.0,100.23829491608636,1775.1055213296886
3053,0.0,98.14954576223636,1800.7613383053204
3054,25987.382943592645,73.61215932167728,1800.7613383053204
3055,0.0,49.074772881118186,849.7749994227476
3056,0.0,24.537386440559093,0.0
3057,0.0,0.0,0.0
3058,0.0,0.0,0.0
3059,0.0,0.0,2095.565310363769
3060,25335.86645230942,0.0,2783.212966931303
3061,0.0,0.0,4878.778277295072
3062,0.0,0.0,6974.343587658841
3063,0.0,0.0,6974.343587658841
3064,0.0,0.0,4967.429253222703
3065,0.0,0.0,2714.1332205734884
3066,24684.349961026197,0.0,2253.296032649214
3067,0.0,0.0,2253.296032649214
3068,0.0,0.0,2253.296032649214
3069,0.0,0.0,0.0
3070,0.0,0.0,0.0
3071,0.0,0.0,0.0
3072,24032.833469742967,0.0,0.0
3073,0.0,0.0,0.0
3074,0.0,0.0,0.0
3075,0.0,0.0,0.0
3076,0.0,0.0,0.0
3077,0.0,0.0,0.0
3078,24504.676023490945,0.0,0.0
3079,0.0,0.0,0.0
3080,0.0,0.0,0.0
3081,0.0,0.0,0.0
3082,0.0,0.0,0.0
3083,0.0,0.0,0.0
3084,24976.518577238923,0.0,0.0
3085,0.0,0.0,2095.565310363769
3086,0.0,0.0,2197.007951807961
3087,0.0,0.0,2197.007951807961
3088,0.0,0.0,3013.633202135993
3089,0.0,0.0,5109.198512499763
3090,25448.3611309869,0.0,7204.763822863532
3091,0.0,0.0,7204.763822863532
3092,0.0,0.0,7204.763822863532
3093,0.0,0.0,7204.763822863532
3094,0.0,0.0,7204.763822863532
3095,0.0,0.0,7204.763822863532
3096,25920.20368473488,0.0,7204.763822863532
3097,0.0,0.0,7204.763822863532
3098,0.0,0.0,8317.56866510574
3099,0.0,0.0,8692.0
3100,0.0,0.0,7613.088830019565
3101,0.0,0.0,5359.792797370351
3102,26392.046238482857,0.0,4506.592065298428
3103,0.0,0.0,2253.296032649214
3104,0.0,0.0,0.0
3105,0.0,0.0,0.0
3106,0.0,0.0,0.0
3107,0.0,0.0,309.73875854492417
3108,26863.888792230835,0.0,309.73875854492417
3109,0.0,0.0,309.73875854492417
3110,0.0,0.0,2405.3040689086934
3111,0.0,0.0,4500.869379272463
3112,0.0,0.0,6596.434689636231
3113,0.0,0.0,8692.0
3114,27335.731345978813,0.0,8692.0
3115,0.0,0.0,8692.0
3116,0.0,0.0,8692.0
3117,0.0,0.0,8692.0
3118,0.0,0.0,8692.0
3119,0.0,0.0,7764.729803900065
3120,27807.57389972679,0.0,5511.433771250851
3121,0.0,0.0,5511.433771250851
3122,0.0,0.0,5511.433771250851
3123,0.0,0.0,3258.137738601637
3124,0.0,0.0,2253.296032649214
3125,0.0,0.0,2253.296032649214
3126,28279.41645347477,0.0,2253.296032649214
3127,0.0,0.0,0.0
3128,0.0,0.0,0.0
3129,0.0,0.0,0.0
3130,0.0,0.0,0.0
3131,0.0,0.0,0.0
3132,28751.259007222747,0.0,747.7365063299775
3133,0.0,0.0,1786.6270800780285
3134,0.0,0.0,3882.1923904417977
3135,0.0,47.11178196587346,5977.757700805567
3136,0.0,53.00075471160764,8073.323011169336
3137,0.0,53.00075471160764,8692.0
3138,29223.101560970725,53.00075471160764,8692.0
3139,0.0,53.00075471160764,8692.0
3140,0.0,53.00075471160764,8692.0
3141,0.0,53.00075471160764,8692.0
3142,0.0,53.00075471160764,8692.0
3143,0.0,53.00075471160764,8692.0
3144,29694.944114718703,53.00075471160764,8692.0
3145,0.0,53.00075471160764,8692.0
3146,0.0,53.00075471160764,8692.0
3147,0.0,53.00075471160764,8692.0
3148,0.0,53.00075471160764,7021.728183420044
3149,0.0,53.00075471160764,4768.43215077083
3150,30166.78666846668,53.00075471160764,3141.5871187990365
3151,0.0,53.00075471160764,3141.5871187990365
3152,0.0,53.00075471160764,888.2910861498227
3153,0.0,53.00075471160764,0.0
3154,0.0,53.00075471160764,0.0
3155,0.0,53.00075471160764,2095.565310363769
3156,30638.62922221466,53.00075471160764,2965.3591068659325
3157,0.0,53.00075471160764,2965.3591068659325
3158,0.0,53.00075471160764,2965.3591068659325
3159,0.0,53.00075471160764,4500.869379272463
3160,0.0,100.1125366774811,6596.434689636231
3161,0.0,147.22431864335456,8692.0
3162,31110.47177596264,147.22431864335456,8692.0
3163,0.0,147.22431864335456,8692.0
3164,0.0,147.22431864335456,8692.0
3165,0.0,147.22431864335456,8692.0
3166,0.0,147.22431864335456,7167.35721191337
3167,0.0,147.22431864335456,4914.061179264156
3168,31582.31432971061,147.22431864335456,4914.061179264156
3169,0.0,147.22431864335456,4914.061179264156
3170,0.0,147.22431864335456,4914.061179264156
3171,0.0,147.22431864335456,4914.061179264156
3172,0.0,147.22431864335456,4914.061179264156
3173,0.0,147.22431864335456,4914.061179264156
3174,32054.156883458592,147.22431864335456,4506.592065298428
3175,0.0,147.22431864335456,2253.296032649214
3176,0.0,147.22431864335456,0.0
3177,0.0,147.22431864335456,0.0
3178,0.0,147.22431864335456,1580.174749330519
3179,0.0,147.22431864335456,3675.740059694288
3180,32525.99943720657,147.22431864335456,4671.9312946764185
3181,0.0,147.22431864335456,6596.434689636231
3182,0.0,147.22431864335456,8692.0
3183,0.0,147.22431864335456,8692.0
3184,0.0,147.22431864335456,8692.0
3185,0.0,147.22431864335456,8692.0
3186,32997.84199095455,147.22431864335456,8692.0
3187,0.0,147.22431864335456,8692.0
3188,0.0,147.22431864335456,8501.632438991097
3189,0.0,147.22431864335456,7827.982441796865
3190,0.0,147.22431864335456,6768.1727066895655
3191,0.0,147.22431864335456,6754.165411921676
3192,33469.684544702526,147.22431864335456,6754.165411921676
3193,0.0,147.22431864335456,6754.165411921676
3194,0.0,147.22431864335456,6754.165411921676
3195,0.0,147.22431864335456,6754.165411921676
3196,0.0,147.22431864335456,6754.165411921676
3197,0.0,147.22431864335456,6754.165411921676
3198,33941.527098450504,147.22431864335456,6754.165411921676
3199,0.0,147.22431864335456,4500.869379272463
3200,0.0,147.22431864335456,4500.869379272463
3201,0.0,147.22431864335456,4500.869379272463
3202,0.0,147.22431864335456,4500.869379272463
3203,0.0,147.22431864335456,4500.869379272463
3204,34413.36965219848,147.22431864335456,4500.869379272463
3205,0.0,147.22431864335456,4500.869379272463
3206,0.0,147.22431864335456,4500.869379272463
3207,0.0,147.22431864335456,6596.434689636231
3208,0.0,147.22431864335456,8692.0
3209,0.0,147.22431864335456,8692.0
3210,34885.21220594646,147.22431864335456,8692.0
3211,0.0,147.22431864335456,7686.434739145303
3212,0.0,147.22431864335456,5803.498495504608
3213,0.0,147.22431864335456,3550.2024628553945
3214,0.0,147.22431864335456,2253.296032649214
3215,0.0,147.22431864335456,2253.296032649214
3216,34233.695714663234,147.22431864335456,2253.296032649214
3217,0.0,147.22431864335456,2253.296032649214
3218,0.0,147.22431864335456,2253.296032649214
3219,0.0,147.22431864335456,2253.296032649214
3220,0.0,147.22431864335456,2253.296032649214
3221,0.0,147.22431864335456,2253.296032649214
3222,33582.17922338001,147.22431864335456,2253.296032649214
3223,0.0,147.22431864335456,0.0
3224,0.0,147.22431864335456,0.0
3225,0.0,147.22431864335456,0.0
3226,0.0,147.22431864335456,0.0
3227,0.0,147.22431864335456,0.0
3228,32930.66273209678,147.22431864335456,2095.565310363769
3229,0.0,147.22431864335456,4191.130620727538
3230,0.0,147.22431864335456,6286.695931091308
3231,0.0,147.22431864335456,7187.417185775762
3232,0.0,147.22431864335456,7187.417185775762
3233,0.0,147.22431864335456,8692.0
3234,32279.14624081356,122.68693220279546,8327.642816475121
3235,0.0,98.14954576223636,6074.346783825908
3236,0.0,73.61215932167728,3821.0507511766937
3237,0.0,49.074772881118186,1567.7547185274798
3238,0.0,24.537386440559093,268.81237462309537
3239,0.0,0.0,0.0
3240,31627.62974953033,0.0,0.0
3241,0.0,0.0,0.0
3242,0.0,0.0,0.0
3243,0.0,0.0,0.0
3244,0.0,0.0,0.0
3245,0.0,0.0,0.0
3246,30976.113258247104,0.0,0.0
3247,0.0,0.0,0.0
3248,0.0,0.0,0.0
3249,0.0,0.0,0.0
3250,0.0,0.0,0.0
3251,0.0,0.0,0.0
3252,31447.95581199508,0.0,2095.565310363769
3253,0.0,0.0,2095.565310363769
3254,0.0,0.0,4191.130620727538
3255,0.0,0.0,6286.695931091308
3256,0.0,0.0,8167.728509487977
3257,0.0,0.0,8167.728509487977
3258,31919.79836574306,0.0,5914.432476838763
3259,0.0,0.0,5712.70107713978
3260,0.0,0.0,5712.70107713978
3261,0.0,0.0,3459.405044490566
3262,0.0,0.0,3459.405044490566
3263,0.0,0.0,1206.1090118413522
3264,32391.64091949104,0.0,3301.6743222051214
3265,0.0,0.0,5397.239632568891
3266,0.0,0.0,6596.434689636231
3267,0.0,0.0,8692.0
3268,0.0,0.0,6438.703967350786
3269,0.0,0.0,4185.407934701572
3270,32863.483473239015,0.0,1932.1119020523583
3271,0.0,0.0,0.0
3272,0.0,0.0,0.0
3273,0.0,0.0,0.0
3274,0.0,0.0,309.73875854492417
3275,0.0,0.0,309.73875854492417
3276,33335.32602698699,0.0,309.73875854492417
3277,0.0,0.0,309.73875854492417
3278,0.0,0.0,2405.3040689086934
3279,0.0,0.0,4500.869379272463
3280,0.0,0.0,6596.434689636231
3281,0.0,0.0,8692.0
3282,33807.16858073497,0.0,8692.0
3283,0.0,0.0,8692.0
3284,0.0,0.0,8692.0
3285,0.0,0.0,6438.703967350786
3286,0.0,0.0,6438.703967350786
3287,0.0,0.0,6438.703967350786
3288,34279.01113448295,0.0,6438.703967350786
3289,0.0,0.0,6438.703967350786
3290,0.0,0.0,5729.9302941515225
3291,0.0,0.0,5729.9302941515225
3292,0.0,0.0,3476.6342615023086
3293,0.0,0.0,3476.6342615023086
3294,34750.85368823093,0.0,3476.6342615023086
3295,0.0,0.0,1223.3382288530947
3296,0.0,0.0,1223.3382288530947
3297,0.0,0.0,0.0
3298,0.0,0.0,0.0
3299,0.0,0.0,0.0
3300,35222.696241978905,0.0,0.0
3301,0.0,0.0,0.0
3302,0.0,0.0,0.0
3303,0.0,0.0,2095.565310363769
3304,0.0,0.0,2325.131251533482
3305,0.0,0.0,2325.131251533482
3306,35694.53879572688,0.0,2325.131251533482
3307,0.0,0.0,2325.131251533482
3308,0.0,0.0,2253.296032649214
3309,0.0,0.0,2253.296032649214
3310,0.0,0.0,2253.296032649214
3311,0.0,0.0,0.0
3312,36166.38134947486,0.0,0.0
3313,0.0,0.0,0.0
3314,0.0,0.0,0.0
3315,0.0,0.0,0.0
3316,0.0,0.0,0.0
3317,0.0,0.0,0.0
3318,36638.22390322284,0.0,0.0
3319,0.0,0.0,0.0
3320,0.0,0.0,0.0
3321,0.0,0.0,0.0
3322,0.0,0.0,0.0
3323,0.0,0.0,2095.565310363769
3324,37110.06645697082,0.0,4191.130620727538
3325,0.0,24.537386440559093,6286.695931091308
3326,0.0,24.537386440559093,8382.261241455077
3327,0.0,24.537386440559093,8692.0
3328,0.0,24.537386440559093,8692.0
3329,0.0,24.537386440559093,8692.0
3330,37581.9090107188,24.537386440559093,8692.0
3331,0.0,24.537386440559093,8692.0
3332,0.0,24.537386440559093,6438.703967350786
3333,0.0,24.537386440559093,5231.009457511028
3334,0.0,24.537386440559093,3766.9043095050974
3335,0.0,24.537386440559093,3264.10533709486
3336,38053.75156446677,24.537386440559093,3264.10533709486
3337,0.0,24.537386440559093,2253.296032649214
3338,0.0,24.537386440559093,2253.296032649214
3339,0.0,24.537386440559093,2253.296032649214
3340,0.0,24.537386440559093,2253.296032649214
3341,0.0,24.537386440559093,0.0
3342,38525.59411821475,24.537386440559093,0.0
3343,0.0,24.537386440559093,0.0
3344,0.0,24.537386440559093,0.0
3345,0.0,24.537386440559093,0.0
3346,0.0,24.537386440559093,0.0
3347,0.0,24.537386440559093,309.73875854492417
3348,38997.43667196273,24.537386440559093,2405.3040689086934
3349,0.0,24.537386440559093,4500.869379272463
3350,0.0,24.537386440559093,6596.434689636231
3351,0.0,24.537386440559093,8692.0
3352,0.0,24.537386440559093,8692.0
3353,0.0,24.537386440559093,8692.0
3354,39469.27922571071,24.537386440559093,6618.367558681439
3355,0.0,24.537386440559093,6618.367558681439
3356,0.0,24.537386440559093,4506.592065298428
3357,0.0,24.537386440559093,4506.592065298428
3358,0.0,24.537386440559093,2253.296032649214
3359,0.0,24.537386440559093,2253.296032649214
3360,38817.76273442748,24.537386440559093,2253.296032649214
3361,0.0,24.537386440559093,2253.296032649214
3362,0.0,24.537386440559093,2253.296032649214
3363,0.0,24.537386440559093,2253.296032649214
3364,0.0,24.537386440559093,2253.296032649214
3365,0.0,24.537386440559093,2253.296032649214
3366,38166.246243144255,24.537386440559093,2253.296032649214
3367,0.0,24.537386440559093,0.0
3368,0.0,24.537386440559093,0.0
3369,0.0,24.537386440559093,0.0
3370,0.0,24.537386440559093,0.0
3371,0.0,24.537386440559093,0.0
3372,37514.72975186103,24.537386440559093,2095.565310363769
3373,0.0,24.537386440559093,2095.565310363769
3374,0.0,24.537386440559093,4191.130620727538
3375,0.0,24.537386440559093,6286.695931091308
3376,0.0,24.537386440559093,8382.261241455077
3377,0.0,24.537386440559093,8382.261241455077
3378,37986.57230560901,24.537386440559093,6128.965208805863
3379,0.0,24.537386440559093,3875.669176156649
3380,0.0,24.537386440559093,1622.373143507435
3381,0.0,24.537386440559093,0.0
3382,0.0,24.537386440559093,0.0
3383,0.0,24.537386440559093,0.0
3384,38458.41485935698,24.537386440559093,0.0
3385,0.0,24.537386440559093,0.0
3386,0.0,24.537386440559093,0.0
3387,0.0,24.537386440559093,0.0
3388,0.0,24.537386440559093,0.0
3389,0.0,24.537386440559093,0.0
3390,38930.25741310496,24.537386440559093,0.0
3391,0.0,24.537386440559093,0.0
3392,0.0,24.537386440559093,0.0
3393,0.0,24.537386440559093,0.0
3394,0.0,24.537386440559093,0.0
3395,0.0,24.537386440559093,0.0
3396,39402.09996685294,24.537386440559093,0.0
3397,0.0,24.537386440559093,0.0
3398,0.0,24.537386440559093,1764.6156568253969
3399,0.0,24.537386440559093,3860.180967189166
3400,0.0,24.537386440559093,5693.488537651225
3401,0.0,24.537386440559093,7789.053848014994
3402,39873.94252060092,24.537386440559093,7789.053848014994
3403,0.0,24.537386440559093,7789.053848014994
3404,0.0,24.537386440559093,7789.053848014994
3405,0.0,24.537386440559093,5535.7578153657805
3406,0.0,24.537386440559093,3282.461782716566
3407,0.0,24.537386440559093,3282.461782716566
3408,40345.785074348896,24.537386440559093,1029.1657500673527
3409,0.0,24.537386440559093,1029.1657500673527
3410,0.0,24.537386440559093,1029.1657500673527
3411,0.0,24.537386440559093,0.0
3412,0.0,24.537386440559093,0.0
3413,0.0,24.537386440559093,0.0
3414,40817.62762809688,24.537386440559093,0.0
3415,0.0,24.537386440559093,0.0
3416,0.0,24.537386440559093,0.0
3417,0.0,24.537386440559093,0.0
3418,0.0,24.537386440559093,2095.565310363769
3419,0.0,24.537386440559093,2095.565310363769
3420,41289.47018184485,24.537386440559093,4191.130620727538
3421,0.0,24.537386440559093,4380.270549585755
3422,0.0,24.537386440559093,4380.270549585755
3423,0.0,24.537386440559093,4978.202465057707
3424,0.0,24.537386440559093,6596.434689636231
3425,0.0,24.537386440559093,8692.0
3426,41761.31273559283,24.537386440559093,8692.0
3427,0.0,24.537386440559093,8692.0
3428,0.0,24.537386440559093,7484.046116030479
3429,0.0,0.0,5230.7500833812655
3430,0.0,0.0,3131.821124721282
3431,0.0,0.0,878.5250920720682
3432,42233.15528934081,0.0,146.9365874837139
3433,0.0,0.0,0.0
3434,0.0,0.0,0.0
3435,0.0,0.0,0.0
3436,0.0,0.0,0.0
3437,0.0,0.0,0.0
3438,42704.99784308879,0.0,0.0
3439,0.0,0.0,0.0
3440,0.0,0.0,0.0
3441,0.0,0.0,0.0
3442,0.0,0.0,0.0
3443,0.0,0.0,0.0
3444,43176.84039683677,0.0,53.7955579555307
3445,0.0,0.0,1952.825613052624
3446,0.0,1.962990915244724,4048.390923416393
3447,0.0,49.074772881118186,6143.956233780162
3448,0.0,49.074772881118186,8239.52154414393
3449,0.0,49.074772881118186,8692.0
3450,43648.68295058474,49.074772881118186,8692.0
3451,0.0,49.074772881118186,8692.0
3452,0.0,49.074772881118186,8692.0
3453,0.0,49.074772881118186,8176.149764070168
3454,0.0,49.074772881118186,7008.77113980678
3455,0.0,49.074772881118186,5800.797097445302
3456,44120.52550433272,49.074772881118186,5800.797097445302
3457,0.0,49.074772881118186,4813.450703301192
3458,0.0,49.074772881118186,4706.137674368405
3459,0.0,49.074772881118186,4706.137674368405
3460,0.0,49.074772881118186,2452.841641719191
3461,0.0,49.074772881118186,2452.841641719191
3462,44592.3680580807,49.074772881118186,199.54560906997705
3463,0.0,49.074772881118186,199.54560906997705
3464,0.0,49.074772881118186,0.0
3465,0.0,49.074772881118186,0.0
3466,0.0,49.074772881118186,0.0
3467,0.0,49.074772881118186,2095.565310363769
3468,45064.21061182868,49.074772881118186,4191.130620727538
3469,0.0,49.074772881118186,4191.130620727538
3470,0.0,49.074772881118186,4191.130620727538
3471,0.0,49.074772881118186,4191.130620727538
3472,0.0,49.074772881118186,6286.695931091308
3473,0.0,49.074772881118186,6286.695931091308
3474,45536.05316557665,49.074772881118186,4033.399898442094
3475,0.0,49.074772881118186,1780.1038657928802
3476,0.0,49.074772881118186,1780.1038657928802
3477,0.0,49.074772881118186,0.0
3478,0.0,49.074772881118186,0.0
3479,0.0,49.074772881118186,0.0
3480,46007.89571932463,49.074772881118186,0.0
3481,0.0,49.074772881118186,0.0
3482,0.0,49.074772881118186,0.0
3483,0.0,49.074772881118186,0.0
3484,0.0,49.074772881118186,0.0
3485,0.0,49.074772881118186,0.0
3486,46479.73827307261,49.074772881118186,0.0
3487,0.0,49.074772881118186,0.0
3488,0.0,49.074772881118186,0.0
3489,0.0,49.074772881118186,0.0
3490,0.0,49.074772881118186,0.0
3491,0.0,49.074772881118186,0.0
3492,46951.58082682059,49.074772881118186,2095.565310363769
3493,0.0,49.074772881118186,4191.130620727538
3494,0.0,49.074772881118186,6286.695931091308
3495,0.0,49.074772881118186,8382.261241455077
3496,0.0,49.074772881118186,8382.261241455077
3497,0.0,49.074772881118186,8382.261241455077
3498,47423.423380568565,49.074772881118186,8692.0
3499,0.0,49.074772881118186,8692.0
3500,0.0,49.074772881118186,8583.963379334813
3501,0.0,49.074772881118186,7286.311575263815
3502,0.0,49.074772881118186,7286.311575263815
3503,0.0,49.074772881118186,7224.693262818548
3504,47895.26593431654,49.074772881118186,7224.693262818548
3505,0.0,49.074772881118186,7224.693262818548
3506,0.0,49.074772881118186,7224.693262818548
3507,0.0,49.074772881118186,7224.693262818548
3508,0.0,49.074772881118186,7224.693262818548
3509,0.0,49.074772881118186,7224.693262818548
3510,48367.10848806452,49.074772881118186,7224.693262818548
3511,0.0,49.074772881118186,5864.303930451386
3512,0.0,24.537386440559093,3611.007897802172
3513,0.0,24.537386440559093,1837.5763525377563
3514,0.0,24.537386440559093,1837.5763525377563
3515,0.0,24.537386440559093,3782.65982399529
3516,48838.9510418125,24.537386440559093,5325.86066927751
3517,0.0,24.537386440559093,5325.86066927751
3518,0.0,24.537386440559093,6180.997839226056
3519,0.0,24.537386440559093,7711.294327008032
3520,0.0,24.537386440559093,7711.294327008032
3521,0.0,24.537386440559093,7711.294327008032
3522,49310.79359556048,24.537386440559093,6259.308461743281
3523,0.0,24.537386440559093,4037.2538787005856
3524,0.0,0.0,1783.9578460513717
3525,0.0,0.0,0.0
3526,0.0,0.0,0.0
3527,0.0,0.0,0.0
3528,49782.636149308455,0.0,0.0
3529,0.0,0.0,0.0
3530,0.0,0.0,0.0
3531,0.0,0.0,0.0
3532,0.0,0.0,0.0
3533,0.0,0.0,0.0
3534,50254.47870305643,0.0,0.0
3535,0.0,0.0,0.0
3536,0.0,0.0,0.0
3537,0.0,0.0,0.0
3538,0.0,0.0,2095.565310363769
3539,0.0,0.0,4191.130620727538
3540,50726.32125680441,0.0,5196.168128403223
3541,0.0,0.0,5978.123541026822
3542,0.0,0.0,6367.875450785278
3543,0.0,0.0,8463.440761149048
3544,0.0,0.0,8463.440761149048
3545,0.0,0.0,8692.0
3546,51198.16381055239,0.0,8692.0
3547,0.0,0.0,8692.0
3548,0.0,0.0,6438.703967350786
3549,0.0,0.0,4185.407934701572
3550,0.0,0.0,1932.1119020523583
3551,0.0,0.0,1932.1119020523583
3552,51670.00636430037,0.0,0.0
3553,0.0,0.0,0.0
3554,0.0,0.0,0.0
3555,0.0,0.0,0.0
3556,0.0,0.0,0.0
3557,0.0,0.0,0.0
3558,52141.848918048345,0.0,0.0
3559,0.0,0.0,0.0
3560,0.0,0.0,0.0
3561,0.0,0.0,0.0
3562,0.0,0.0,0.0
3563,0.0,0.0,836.3225270207649
3564,52613.69147179632,0.0,836.3225270207649
3565,0.0,0.0,2931.887837384534
3566,0.0,0.0,5027.453147748303
3567,0.0,0.0,7123.018458112072
3568,0.0,0.0,8692.0
3569,0.0,0.0,8692.0
3570,53085.5340255443,0.0,6438.703967350786
3571,0.0,0.0,4506.592065298428
3572,0.0,0.0,2253.296032649214
3573,0.0,0.0,2253.296032649214
3574,0.0,0.0,0.0
3575,0.0,0.0,0.0
3576,53557.37657929228,0.0,0.0
3577,0.0,0.0,0.0
3578,0.0,0.0,0.0
3579,0.0,0.0,0.0
3580,0.0,0.0,0.0
3581,0.0,0.0,0.0
3582,54029.21913304026,0.0,0.0
3583,0.0,0.0,0.0
3584,0.0,0.0,0.0
3585,0.0,0.0,0.0
3586,0.0,0.0,0.0
3587,0.0,0.0,313.3510936790323
3588,54501.06168678824,0.0,2408.9164040428013
3589,0.0,0.0,2408.9164040428013
3590,0.0,0.0,4504.481714406571
3591,0.0,0.0,6596.434689636231
3592,0.0,0.0,8692.0
3593,0.0,0.0,8692.0
3594,54972.90424053621,0.0,8692.0
3595,0.0,0.0,7743.849217471222
3596,0.0,0.0,7743.849217471222
3597,0.0,0.0,7743.849217471222
3598,0.0,0.0,7743.849217471222
3599,0.0,0.0,5490.553184822008
3600,55444.74679428419,0.0,3657.791314377945
3601,0.0,0.0,2253.296032649214
3602,0.0,0.0,0.0
3603,0.0,0.0,0.0
3604,0.0,0.0,0.0
3605,0.0,0.0,0.0
3606,55916.58934803217,0.0,0.0
3607,0.0,0.0,0.0
3608,0.0,0.0,0.0
3609,0.0,0.0,0.0
3610,0.0,0.0,0.0
3611,0.0,0.0,0.0
3612,56388.43190178015,0.0,0.0
3613,0.0,0.0,2095.565310363769
3614,0.0,0.0,4191.130620727538
3615,0.0,0.0,6286.695931091308
3616,0.0,0.0,6286.695931091308
3617,0.0,0.0,8382.261241455077
3618,56860.27445552813,0.0,8382.261241455077
3619,0.0,0.0,8382.261241455077
3620,0.0,0.0,7600.2657141993295
3621,0.0,0.0,5346.969681550116
3622,0.0,0.0,5346.969681550116
3623,0.0,0.0,6596.434689636231
3624,57332.1170092761,0.0,6596.434689636231
3625,0.0,0.0,6596.434689636231
3626,0.0,0.0,8692.0
3627,0.0,0.0,8692.0
3628,0.0,0.0,8692.0
3629,0.0,0.0,8692.0
3630,57803.95956302408,0.0,8692.0
3631,0.0,0.0,6438.703967350786
3632,0.0,0.0,6438.703967350786
3633,0.0,0.0,6438.703967350786
3634,0.0,0.0,6438.703967350786
3635,0.0,0.0,6438.703967350786
3636,58275.80211677206,0.0,6438.703967350786
3637,0.0,0.0,6438.703967350786
3638,0.0,0.0,6438.703967350786
3639,0.0,0.0,8166.825874908611
3640,0.0,0.0,8166.825874908611
3641,0.0,0.0,8166.825874908611
3642,58747.64467052004,0.0,8166.825874908611
3643,0.0,0.0,5913.529842259397
3644,0.0,0.0,5913.529842259397
3645,0.0,0.0,3660.233809610183
3646,0.0,0.0,1406.937776960969
3647,0.0,0.0,0.0
3648,59219.487224268014,0.0,0.0
3649,0.0,0.0,0.0
3650,0.0,0.0,0.0
3651,0.0,0.0,0.0
3652,0.0,0.0,2095.565310363769
3653,0.0,0.0,2253.296032649214
3654,59691.32977801599,0.0,2253.296032649214
3655,0.0,0.0,0.0
3656,0.0,0.0,0.0
3657,0.0,0.0,0.0
3658,0.0,0.0,0.0
3659,0.0,0.0,0.0
3660,60163.17233176397,0.0,0.0
3661,0.0,0.0,0.0
3662,0.0,0.0,0.0
3663,0.0,0.0,0.0
3664,0.0,0.0,0.0
3665,0.0,0.0,0.0
3666,60635.01488551195,0.0,0.0
3667,0.0,0.0,0.0
3668,0.0,0.0,0.0
3669,0.0,0.0,0.0
3670,0.0,0.0,0.0
3671,0.0,0.0,0.0
3672,61106.857439259926,0.0,0.0
3673,0.0,0.0,0.0
3674,0.0,0.0,0.0
3675,0.0,0.0,2095.565310363769
3676,0.0,0.0,4191.130620727538
3677,0.0,0.0,6286.695931091308
3678,61578.699993007904,0.0,6286.695931091308
3679,0.0,0.0,4033.399898442094
3680,0.0,0.0,2405.3040689086934
3681,0.0,0.0,4500.869379272463
3682,0.0,0.0,6596.434689636231
3683,0.0,7.851963660978896,8692.0
3684,62050.54254675588,7.851963660978896,8692.0
3685,0.0,54.96374562685236,8692.0
3686,0.0,102.07552759272582,8692.0
3687,0.0,149.18730955859928,8692.0
3688,0.0,196.29909152447277,8692.0
3689,0.0,196.29909152447277,8692.0
3690,62522.38510050386,196.29909152447277,8692.0
3691,0.0,171.76170508391365,8599.95297576454
3692,0.0,147.22431864335456,6759.888097947642
3693,0.0,122.68693220279546,4506.592065298428
3694,0.0,98.14954576223636,2253.296032649214
3695,0.0,73.61215932167728,0.0
3696,62994.22765425184,49.074772881118186,0.0
3697,0.0,49.074772881118186,0.0
3698,0.0,49.074772881118186,0.0
3699,0.0,49.074772881118186,0.0
3700,0.0,49.074772881118186,2095.565310363769
3701,0.0,49.074772881118186,2095.565310363769
3702,63466.070207999815,49.074772881118186,3456.9160832868683
3703,0.0,24.537386440559093,1346.5835351773328
3704,0.0,0.0,0.0
3705,0.0,0.0,0.0
3706,0.0,0.0,0.0
3707,0.0,0.0,2095.565310363769
3708,63937.91276174779,0.0,4191.130620727538
3709,0.0,0.0,4500.869379272463
3710,0.0,0.0,4500.869379272463
3711,0.0,0.0,6596.434689636231
3712,0.0,0.0,8692.0
3713,0.0,0.0,8692.0
3714,64409.75531549577,0.0,8692.0
3715,0.0,0.0,8692.0
3716,0.0,0.0,6759.888097947642
3717,0.0,0.0,6759.888097947642
3718,0.0,0.0,4506.592065298428
3719,0.0,0.0,2253.296032649214
3720,63758.23882421255,0.0,2253.296032649214
3721,0.0,0.0,2253.296032649214
3722,0.0,0.0,2253.296032649214
3723,0.0,0.0,2253.296032649214
3724,0.0,0.0,2253.296032649214
3725,0.0,0.0,2253.296032649214
3726,63106.72233292932,0.0,2253.296032649214
3727,0.0,0.0,0.0
3728,0.0,0.0,0.0
3729,0.0,0.0,0.0
3730,0.0,0.0,0.0
3731,0.0,0.0,277.73573354199385
3732,63578.5648866773,0.0,2373.301043905763
3733,0.0,0.0,4468.866354269532
3734,0.0,0.0,6564.431664633301
3735,0.0,0.0,8659.99697499707
3736,0.0,0.0,8659.99697499707
3737,0.0,0.0,8692.0
3738,64050.40744042528,0.0,8692.0
3739,0.0,0.0,8692.0
3740,0.0,0.0,6438.703967350786
3741,0.0,0.0,4506.592065298428
3742,0.0,0.0,4506.592065298428
3743,0.0,0.0,2253.296032649214
3744,64522.24999417325,0.0,2253.296032649214
3745,0.0,0.0,2253.296032649214
3746,0.0,0.0,2253.296032649214
3747,0.0,0.0,2253.296032649214
3748,0.0,0.0,2253.296032649214
3749,0.0,0.0,2253.296032649214
3750,64994.09254792123,0.0,2253.296032649214
3751,0.0,0.0,0.0
3752,0.0,0.0,0.0
3753,0.0,0.0,0.0
3754,0.0,0.0,0.0
3755,0.0,0.0,1990.5208808918285
3756,65465.93510166921,0.0,1990.5208808918285
3757,0.0,0.0,2611.551065938916
3758,0.0,0.0,2611.551065938916
3759,0.0,0.0,2611.551065938916
3760,0.0,0.0,4707.116376302685
3761,0.0,0.0,6802.681686666454
3762,65937.77765541719,0.0,8692.0
3763,0.0,0.0,8692.0
3764,0.0,0.0,8692.0
3765,0.0,0.0,6438.703967350786
3766,0.0,0.0,6438.703967350786
3767,0.0,0.0,4185.407934701572
3768,66409.62020916516,0.0,4185.407934701572
3769,0.0,0.0,4185.407934701572
3770,0.0,0.0,2253.296032649214
3771,0.0,0.0,2253.296032649214
3772,0.0,0.0,2253.296032649214
3773,0.0,0.0,2253.296032649214
3774,66881.46276291314,0.0,2253.296032649214
3775,0.0,0.0,2253.296032649214
3776,0.0,0.0,0.0
3777,0.0,0.0,0.0
3778,0.0,36.44109017063269,341.9065379978047
3779,0.0,83.55287213650615,2437.471848361574
3780,67353.30531666112,130.6646541023796,4533.037158725343
3781,0.0,130.6646541023796,4533.037158725343
3782,0.0,130.6646541023796,6329.485569523842
3783,0.0,177.77643606825308,6596.434689636231
3784,0.0,224.8882180341265,8692.0
3785,0.0,272.0,8692.0
3786,67825.1478704091,272.0,8692.0
3787,0.0,272.0,8692.0
3788,0.0,272.0,7224.487068346463
3789,0.0,272.0,4971.191035697249
3790,0.0,272.0,3426.140956192024
3791,0.0,272.0,2725.3884021191425
3792,68296.99042415708,272.0,2725.3884021191425
3793,0.0,272.0,472.0923694699286
3794,0.0,272.0,472.0923694699286
3795,0.0,272.0,0.0
3796,0.0,272.0,0.0
3797,0.0,272.0,0.0
3798,68768.83297790505,272.0,0.0
3799,0.0,272.0,0.0
3800,0.0,272.0,0.0
3801,0.0,272.0,0.0
3802,0.0,272.0,0.0
3803,0.0,272.0,0.0
3804,69240.67553165303,272.0,0.0
3805,0.0,272.0,2095.565310363769
3806,0.0,272.0,2940.510077814479
3807,0.0,272.0,5036.075388178248
3808,0.0,272.0,6196.11610336236
3809,0.0,272.0,7640.336328114601
3810,69712.51808540101,272.0,8692.0
3811,0.0,272.0,8692.0
3812,0.0,272.0,6438.703967350786
3813,0.0,272.0,4506.592065298428
3814,0.0,272.0,2253.296032649214
3815,0.0,272.0,2253.296032649214
3816,70184.36063914899,272.0,0.0
3817,0.0,272.0,0.0
3818,0.0,272.0,0.0
3819,0.0,272.0,0.0
3820,0.0,272.0,0.0
3821,0.0,272.0,0.0
3822,70656.20319289697,272.0,0.0
3823,0.0,272.0,0.0
3824,0.0,272.0,0.0
3825,0.0,272.0,0.0
3826,0.0,272.0,2095.565310363769
3827,0.0,272.0,2095.565310363769
3828,71128.04574664494,272.0,3168.085290409622
3829,0.0,272.0,3168.085290409622
3830,0.0,272.0,5263.650600773392
3831,0.0,272.0,5263.650600773392
3832,0.0,272.0,7359.21591113716
3833,0.0,272.0,7359.21591113716
3834,71599.88830039292,272.0,5105.919878487946
3835,0.0,272.0,5105.919878487946
3836,0.0,272.0,5105.919878487946
3837,0.0,272.0,5105.919878487946
3838,0.0,272.0,5105.919878487946
3839,0.0,272.0,5105.919878487946
3840,72071.7308541409,272.0,3623.703338211395
3841,0.0,272.0,2253.296032649214
3842,0.0,272.0,2253.296032649214
3843,0.0,272.0,0.0
3844,0.0,272.0,0.0
3845,0.0,272.0,0.0
3846,72543.57340788888,272.0,0.0
3847,0.0,272.0,0.0
3848,0.0,272.0,0.0
3849,0.0,272.0,0.0
3850,0.0,272.0,0.0
3851,0.0,272.0,1996.3461633748416
3852,73015.41596163686,272.0,4050.213291264416
3853,0.0,272.0,4828.390767327546
3854,0.0,272.0,4828.390767327546
3855,0.0,272.0,4828.390767327546
3856,0.0,272.0,4828.390767327546
3857,0.0,272.0,4828.390767327546
3858,73487.25851538483,272.0,2575.0947346783323
3859,0.0,272.0,321.79870202911843
3860,0.0,272.0,321.79870202911843
3861,0.0,272.0,321.79870202911843
3862,0.0,272.0,321.79870202911843
3863,0.0,272.0,0.0
3864,73959.10106913281,272.0,0.0
3865,0.0,272.0,0.0
3866,0.0,272.0,0.0
3867,0.0,272.0,0.0
3868,0.0,272.0,0.0
3869,0.0,272.0,0.0
3870,74430.94362288079,272.0,0.0
3871,0.0,272.0,0.0
3872,0.0,272.0,0.0
3873,0.0,272.0,0.0
3874,0.0,272.0,0.0
3875,0.0,272.0,532.832529911886
3876,74902.78617662877,272.0,1258.5018281880884
3877,0.0,272.0,3354.0671385518576
3878,0.0,272.0,5449.632448915627
3879,0.0,272.0,7545.1977592793955
3880,0.0,272.0,8692.0
3881,0.0,272.0,7286.310387515317
3882,75374.62873037675,272.0,5033.014354866104
3883,0.0,272.0,5033.014354866104
3884,0.0,272.0,5033.014354866104
3885,0.0,272.0,5033.014354866104
3886,0.0,272.0,4506.592065298428
3887,0.0,272.0,2253.296032649214
3888,74723.11223909352,272.0,2253.296032649214
3889,0.0,272.0,2253.296032649214
3890,0.0,272.0,2253.296032649214
3891,0.0,272.0,2253.296032649214
3892,0.0,272.0,2253.296032649214
3893,0.0,272.0,2253.296032649214
3894,74071.5957478103,272.0,0.0
3895,0.0,272.0,0.0
3896,0.0,272.0,0.0
3897,0.0,272.0,0.0
3898,0.0,272.0,0.0
3899,0.0,272.0,2095.565310363769
3900,73420.07925652707,272.0,2095.565310363769
3901,0.0,272.0,2095.565310363769
3902,0.0,272.0,2868.160629838079
3903,0.0,272.0,2868.160629838079
3904,0.0,272.0,4963.725940201848
3905,0.0,272.0,4963.725940201848
3906,72768.56276524384,272.0,4963.725940201848
3907,0.0,272.0,4963.725940201848
3908,0.0,272.0,2710.429907552634
3909,0.0,272.0,2253.296032649214
3910,0.0,272.0,2253.296032649214
3911,0.0,272.0,2253.296032649214
3912,72117.04627396062,272.0,2253.296032649214
3913,0.0,272.0,2253.296032649214
3914,0.0,272.0,2253.296032649214
3915,0.0,272.0,2253.296032649214
3916,0.0,272.0,2253.296032649214
3917,0.0,272.0,2253.296032649214
3918,71465.52978267739,272.0,2253.296032649214
3919,0.0,272.0,0.0
3920,0.0,272.0,0.0
3921,0.0,272.0,0.0
3922,0.0,272.0,0.0
3923,0.0,272.0,309.73875854492417
3924,70814.01329139416,272.0,309.73875854492417
3925,0.0,272.0,309.73875854492417
3926,0.0,272.0,2405.3040689086934
3927,0.0,272.0,4500.869379272463
3928,0.0,272.0,6596.434689636231
3929,0.0,272.0,8692.0
3930,70162.49680011094,272.0,8692.0
3931,0.0,272.0,8692.0
3932,0.0,272.0,6438.703967350786
3933,0.0,272.0,6438.703967350786
3934,0.0,272.0,6438.703967350786
3935,0.0,272.0,6420.216095131339
3936,69510.98030882771,272.0,4658.717350178607
3937,0.0,272.0,2778.444554566526
3938,0.0,272.0,2778.444554566526
3939,0.0,272.0,2778.444554566526
3940,0.0,272.0,2778.444554566526
3941,0.0,272.0,2332.226323494569
3942,68859.46381754449,272.0,2253.296032649214
3943,0.0,272.0,0.0
3944,0.0,272.0,0.0
3945,0.0,272.0,0.0
3946,0.0,272.0,0.0
3947,0.0,272.0,0.0
3948,69331.30637129246,272.0,0.0
3949,0.0,272.0,0.0
3950,0.0,272.0,520.9906716927613
3951,0.0,272.0,520.9906716927613
3952,0.0,272.0,333.7242522461678
3953,0.0,272.0,0.0
3954,69803.14892504044,272.0,0.0
3955,0.0,272.0,0.0
3956,0.0,272.0,0.0
3957,0.0,272.0,0.0
3958,0.0,272.0,0.0
3959,0.0,272.0,0.0
3960,70274.99147878842,272.0,0.0
3961,0.0,272.0,0.0
3962,0.0,272.0,0.0
3963,0.0,272.0,0.0
3964,0.0,272.0,0.0
3965,0.0,272.0,0.0
3966,70746.8340325364,272.0,0.0
3967,0.0,272.0,0.0
3968,0.0,272.0,0.0
3969,0.0,272.0,0.0
3970,0.0,272.0,0.0
3971,0.0,272.0,0.0
3972,71218.67658628437,272.0,1085.6668724079714
3973,0.0,272.0,1085.6668724079714
3974,0.0,272.0,2405.3040689086934
3975,0.0,272.0,4500.869379272463
3976,0.0,272.0,6596.434689636231
3977,0.0,272.0,8692.0
3978,71690.51914003235,272.0,8692.0
3979,0.0,272.0,8692.0
3980,0.0,272.0,7546.339916184403
3981,0.0,272.0,5790.258834991821
3982,0.0,272.0,3558.633038067559
3983,0.0,272.0,1305.3370054183451
3984,72162.36169378033,272.0,1159.9065950702302
3985,0.0,272.0,1159.9065950702302
3986,0.0,272.0,1159.9065950702302
3987,0.0,272.0,1159.9065950702302
3988,0.0,272.0,1159.9065950702302
3989,0.0,272.0,1159.9065950702302
3990,72634.20424752831,272.0,1159.9065950702302
3991,0.0,272.0,785.9691173154101
3992,0.0,272.0,694.1293004955805
3993,0.0,272.0,694.1293004955805
3994,0.0,272.0,694.1293004955805
3995,0.0,272.0,694.1293004955805
3996,73106.04680127629,272.0,2405.3040689086934
3997,0.0,272.0,4500.869379272463
3998,0.0,272.0,6596.434689636231
3999,0.0,272.0,8692.0
4000,0.0,272.0,8692.0
4001,0.0,272.0,8692.0
4002,73577.88935502426,247.4626135594409,6851.802400302857
4003,0.0,222.92522711888185,5984.866437482575
4004,0.0,198.38784067832276,3980.888236618936
4005,0.0,173.85045423776364,1727.5922039697225
4006,0.0,149.31306779720455,159.5568241746399
4007,0.0,124.77568135664546,0.0
4008,74049.73190877224,124.77568135664546,0.0
4009,0.0,124.77568135664546,0.0
4010,0.0,124.77568135664546,0.0
4011,0.0,124.77568135664546,0.0
4012,0.0,124.77568135664546,0.0
4013,0.0,124.77568135664546,0.0
4014,74521.57446252022,124.77568135664546,0.0
4015,0.0,124.77568135664546,0.0
4016,0.0,124.77568135664546,0.0
4017,0.0,124.77568135664546,0.0
4018,0.0,124.77568135664546,0.0
4019,0.0,124.77568135664546,309.73875854492417
4020,74993.4170162682,171.88746332251893,2405.3040689086934
4021,0.0,218.9992452883924,4500.869379272463
4022,0.0,266.1110272542659,6596.434689636231
4023,0.0,272.0,8692.0
4024,0.0,272.0,8692.0
4025,0.0,272.0,8692.0
4026,75465.25957001618,272.0,8692.0
4027,0.0,272.0,6698.61211000599
4028,0.0,272.0,4445.316077356776
4029,0.0,272.0,2192.0200447075617
4030,0.0,272.0,2192.0200447075617
4031,0.0,272.0,2192.0200447075617
4032,75937.10212376415,272.0,2192.0200447075617
4033,0.0,272.0,0.0
4034,0.0,272.0,0.0
4035,0.0,272.0,0.0
4036,0.0,272.0,0.0
4037,0.0,272.0,0.0
4038,76408.94467751213,272.0,0.0
4039,0.0,272.0,0.0
4040,0.0,272.0,0.0
4041,0.0,272.0,0.0
4042,0.0,272.0,0.0
4043,0.0,272.0,0.0
4044,76880.78723126011,272.0,309.73875854492417
4045,0.0,272.0,309.73875854492417
4046,0.0,272.0,2405.3040689086934
4047,0.0,272.0,4500.869379272463
4048,0.0,272.0,6596.434689636231
4049,0.0,272.0,8692.0
4050,77352.62978500809,272.0,8692.0
4051,0.0,272.0,8692.0
4052,0.0,272.0,8692.0
4053,0.0,272.0,8692.0
4054,0.0,272.0,6438.703967350786
4055,0.0,272.0,6438.703967350786
4056,77824.47233875607,272.0,6438.703967350786
4057,0.0,272.0,6438.703967350786
4058,0.0,272.0,6438.703967350786
4059,0.0,272.0,6438.703967350786
4060,0.0,272.0,6438.703967350786
4061,0.0,272.0,6438.703967350786
4062,78296.31489250404,272.0,6438.703967350786
4063,0.0,272.0,6438.703967350786
4064,0.0,272.0,4185.407934701572
4065,0.0,272.0,4185.407934701572
4066,0.0,272.0,4185.407934701572
4067,0.0,272.0,4185.407934701572
4068,78768.15744625202,272.0,6280.973245065341
4069,0.0,272.0,8376.53855542911
4070,0.0,272.0,8376.53855542911
4071,0.0,272.0,8692.0
4072,0.0,272.0,8692.0
4073,0.0,272.0,8692.0
4074,79240.0,272.0,8692.0
4075,0.0,272.0,8692.0
4076,0.0,272.0,8692.0
4077,0.0,272.0,8692.0
4078,0.0,272.0,8692.0
4079,0.0,272.0,8692.0
4080,78588.48350871677,272.0,8692.0
4081,0.0,272.0,8692.0
4082,0.0,272.0,8692.0
4083,0.0,272.0,8692.0
4084,0.0,272.0,6438.703967350786
4085,0.0,272.0,6438.703967350786
4086,77936.96701743355,272.0,6363.066149222625
4087,0.0,272.0,5928.027751484228
4088,0.0,272.0,3674.7317188350144
4089,0.0,272.0,3674.7317188350144
4090,0.0,272.0,3674.7317188350144
4091,0.0,272.0,4447.663627191144
4092,77285.45052615032,272.0,4615.296602036425
4093,0.0,272.0,5787.37113678867
4094,0.0,272.0,7714.054720389331
4095,0.0,272.0,8692.0
4096,0.0,272.0,8692.0
4097,0.0,272.0,8692.0
4098,76633.9340348671,272.0,8692.0
4099,0.0,247.4626135594409,8393.894907811722
4100,0.0,222.92522711888185,6140.598875162508
4101,0.0,198.38784067832276,3887.3028425132943
4102,0.0,196.29909152447277,1634.0068098640804
4103,0.0,196.29909152447277,533.2253430305441
4104,75982.41754358387,171.76170508391365,0.0
4105,0.0,171.76170508391365,0.0
4106,0.0,171.76170508391365,0.0
4107,0.0,171.76170508391365,0.0
4108,0.0,171.76170508391365,0.0
4109,0.0,171.76170508391365,0.0
4110,75330.90105230064,171.76170508391365,0.0
4111,0.0,171.76170508391365,0.0
4112,0.0,171.76170508391365,0.0
4113,0.0,171.76170508391365,0.0
4114,0.0,171.76170508391365,2095.565310363769
4115,0.0,171.76170508391365,4191.130620727538
4116,74679.38456101742,171.76170508391365,6286.695931091308
4117,0.0,171.76170508391365,6286.695931091308
4118,0.0,171.76170508391365,6286.695931091308
4119,0.0,171.76170508391365,6286.695931091308
4120,0.0,171.76170508391365,6596.434689636231
4121,0.0,171.76170508391365,6596.434689636231
4122,74027.86806973419,171.76170508391365,8692.0
4123,0.0,171.76170508391365,8692.0
4124,0.0,171.76170508391365,8692.0
4125,0.0,171.76170508391365,8692.0
4126,0.0,171.76170508391365,8692.0
4127,0.0,171.76170508391365,8692.0
4128,73376.35157845097,171.76170508391365,8692.0
4129,0.0,171.76170508391365,8692.0
4130,0.0,171.76170508391365,8692.0
4131,0.0,171.76170508391365,8692.0
4132,0.0,171.76170508391365,8692.0
4133,0.0,171.76170508391365,8692.0
4134,72724.83508716774,171.76170508391365,8692.0
4135,0.0,171.76170508391365,8692.0
4136,0.0,171.76170508391365,8692.0
4137,0.0,171.76170508391365,8650.65629023486
4138,0.0,171.76170508391365,8650.65629023486
4139,0.0,171.76170508391365,8650.65629023486
4140,72073.31859588451,171.76170508391365,8650.65629023486
4141,0.0,171.76170508391365,8650.65629023486
4142,0.0,171.76170508391365,8650.65629023486
4143,0.0,171.76170508391365,8650.65629023486
4144,0.0,171.76170508391365,8692.0
4145,0.0,171.76170508391365,8692.0
4146,71421.80210460129,171.76170508391365,6808.60093620657
4147,0.0,171.76170508391365,4555.304903557356
4148,0.0,171.76170508391365,2302.008870908142
4149,0.0,171.76170508391365,984.3053360404452
4150,0.0,171.76170508391365,0.0
4151,0.0,171.76170508391365,0.0
4152,70770.28561331806,171.76170508391365,0.0
4153,0.0,171.76170508391365,0.0
4154,0.0,171.76170508391365,0.0
4155,0.0,171.76170508391365,0.0
4156,0.0,171.76170508391365,0.0
4157,0.0,171.76170508391365,0.0
4158,70118.76912203484,171.76170508391365,0.0
4159,0.0,171.76170508391365,0.0
4160,0.0,171.76170508391365,0.0
4161,0.0,171.76170508391365,0.0
4162,0.0,171.76170508391365,1591.5394964435882
4163,0.0,171.76170508391365,3687.104806807357
4164,69467.25263075161,171.76170508391365,5782.670117171127
4165,0.0,171.76170508391365,6596.434689636231
4166,0.0,171.76170508391365,6596.434689636231
4167,0.0,171.76170508391365,8692.0
4168,0.0,171.76170508391365,8692.0
4169,0.0,171.76170508391365,8692.0
4170,68815.73613946838,171.76170508391365,8692.0
4171,0.0,171.76170508391365,8692.0
4172,0.0,171.76170508391365,8692.0
4173,0.0,171.76170508391365,8692.0
4174,0.0,171.76170508391365,8692.0
4175,0.0,171.76170508391365,6438.703967350786
4176,68164.21964818516,171.76170508391365,6438.703967350786
4177,0.0,171.76170508391365,6438.703967350786
4178,0.0,171.76170508391365,6438.703967350786
4179,0.0,171.76170508391365,6438.703967350786
4180,0.0,171.76170508391365,6438.703967350786
4181,0.0,171.76170508391365,6438.703967350786
4182,68636.06220193313,171.76170508391365,6438.703967350786
4183,0.0,171.76170508391365,6438.703967350786
4184,0.0,171.76170508391365,6438.703967350786
4185,0.0,171.76170508391365,6108.393976068946
4186,0.0,171.76170508391365,6108.393976068946
4187,0.0,171.76170508391365,6108.393976068946
4188,69107.90475568111,171.76170508391365,7804.297928455772
4189,0.0,171.76170508391365,8692.0
4190,0.0,171.76170508391365,8692.0
4191,0.0,171.76170508391365,8692.0
4192,0.0,171.76170508391365,8692.0
4193,0.0,171.76170508391365,8692.0
4194,69579.74730942909,171.76170508391365,8692.0
4195,0.0,171.76170508391365,8692.0
4196,0.0,171.76170508391365,6568.430034588445
4197,0.0,171.76170508391365,4315.134001939231
4198,0.0,171.76170508391365,2061.837969290017
4199,0.0,171.76170508391365,0.0
4200,70051.58986317707,171.76170508391365,0.0
4201,0.0,171.76170508391365,0.0
4202,0.0,171.76170508391365,0.0
4203,0.0,171.76170508391365,0.0
4204,0.0,171.76170508391365,877.9027416402099
4205,0.0,171.76170508391365,877.9027416402099
4206,70523.43241692505,171.76170508391365,877.9027416402099
4207,0.0,171.76170508391365,877.9027416402099
4208,0.0,171.76170508391365,0.0
4209,0.0,171.76170508391365,0.0
4210,0.0,171.76170508391365,0.0
4211,0.0,171.76170508391365,2095.565310363769
4212,70995.27497067302,171.76170508391365,4191.130620727538
4213,0.0,171.76170508391365,6286.695931091308
4214,0.0,171.76170508391365,6648.927470140765
4215,0.0,171.76170508391365,8692.0
4216,0.0,171.76170508391365,8692.0
4217,0.0,171.76170508391365,8692.0
4218,71467.117524421,147.22431864335456,8612.61967479209
4219,0.0,122.68693220279546,7790.60182489806
4220,0.0,98.14954576223636,6056.511583082016
4221,0.0,73.61215932167728,3803.215550432802
4222,0.0,49.074772881118186,2197.272862056878
4223,0.0,24.537386440559093,0.0
4224,70815.60103313778,0.0,0.0
4225,0.0,0.0,0.0
4226,0.0,0.0,0.0
4227,0.0,0.0,129.6521937629836
4228,0.0,0.0,535.7583863451297
4229,0.0,0.0,900.6103381486532
4230,70164.08454185455,0.0,1130.2048159374535
4231,0.0,0.0,347.66132055668754
4232,0.0,0.0,0.0
4233,0.0,0.0,0.0
4234,0.0,0.0,0.0
4235,0.0,0.0,0.0
4236,69512.56805057132,0.0,698.9083991771282
4237,0.0,0.0,698.9083991771282
4238,0.0,0.0,698.9083991771282
4239,0.0,0.0,698.9083991771282
4240,0.0,0.0,698.9083991771282
4241,0.0,0.0,698.9083991771282
4242,68861.0515592881,0.0,698.9083991771282
4243,0.0,0.0,698.9083991771282
4244,0.0,0.0,698.9083991771282
4245,0.0,0.0,698.9083991771282
4246,0.0,0.0,0.0
4247,0.0,0.0,0.0
4248,68209.53506800487,0.0,0.0
4249,0.0,0.0,0.0
4250,0.0,0.0,0.0
4251,0.0,0.0,0.0
4252,0.0,0.0,0.0
4253,0.0,0.0,0.0
4254,67558.01857672165,0.0,0.0
4255,0.0,0.0,0.0
4256,0.0,0.0,0.0
4257,0.0,0.0,0.0
4258,0.0,0.0,0.0
4259,0.0,0.0,0.0
4260,66906.50208543842,0.0,533.0089029732217
4261,0.0,0.0,2130.4874395738857
4262,0.0,0.0,4226.052749937655
4263,0.0,0.0,6321.618060301424
4264,0.0,0.0,8417.183370665192
4265,0.0,0.0,8692.0
4266,66254.9855941552,0.0,8692.0
4267,0.0,0.0,8692.0
4268,0.0,0.0,6879.397085858801
4269,0.0,0.0,4626.101053209587
4270,0.0,0.0,2372.805020560373
4271,0.0,0.0,119.50898791115924
4272,65603.46910287197,0.0,0.0
4273,0.0,0.0,0.0
4274,0.0,0.0,0.0
4275,0.0,0.0,0.0
4276,0.0,0.0,0.0
4277,0.0,0.0,0.0
4278,64951.95261158874,0.0,0.0
4279,0.0,0.0,0.0
4280,0.0,0.0,0.0
4281,0.0,0.0,0.0
4282,0.0,0.0,2095.565310363769
4283,0.0,36.44109017063269,4073.718665147821
4284,64598.31169585309,36.44109017063269,4073.718665147821
4285,0.0,83.55287213650615,4073.718665147821
4286,0.0,130.6646541023796,4500.869379272463
4287,0.0,177.77643606825308,6596.434689636231
4288,0.0,224.8882180341265,6596.434689636231
4289,0.0,272.0,8692.0
4290,65070.154249601066,272.0,8692.0
4291,0.0,272.0,6823.014573750011
4292,0.0,272.0,6823.014573750011
4293,0.0,272.0,6823.014573750011
4294,0.0,272.0,6823.014573750011
4295,0.0,272.0,6823.014573750011
4296,64418.63775831784,272.0,6823.014573750011
4297,0.0,272.0,6823.014573750011
4298,0.0,272.0,4569.718541100797
4299,0.0,272.0,4569.718541100797
4300,0.0,272.0,4569.718541100797
4301,0.0,272.0,4569.718541100797
4302,64890.48031206582,272.0,4569.718541100797
4303,0.0,272.0,4500.869379272463
4304,0.0,272.0,4500.869379272463
4305,0.0,272.0,4500.869379272463
4306,0.0,272.0,4500.869379272463
4307,0.0,272.0,4500.869379272463
4308,65362.3228658138,272.0,6596.434689636231
4309,0.0,272.0,6596.434689636231
4310,0.0,272.0,6596.434689636231
4311,0.0,272.0,8692.0
4312,0.0,272.0,8692.0
4313,0.0,272.0,8692.0
4314,65834.16541956177,272.0,8692.0
4315,0.0,247.4626135594409,8692.0
4316,0.0,222.92522711888185,7525.342872406354
4317,0.0,198.38784067832276,5272.04683975714
4318,0.0,173.85045423776364,3018.7508071079264
4319,0.0,149.31306779720455,765.4547744587126
4320,66306.00797330975,124.77568135664546,289.981523523018
4321,0.0,100.23829491608636,289.981523523018
4322,0.0,75.70090847552729,289.981523523018
4323,0.0,73.61215932167728,289.981523523018
4324,0.0,49.074772881118186,289.981523523018
4325,0.0,24.537386440559093,289.981523523018
4326,65654.49148202653,24.537386440559093,289.981523523018
4327,0.0,0.0,0.0
4328,0.0,0.0,0.0
4329,0.0,0.0,0.0
4330,0.0,0.0,0.0
4331,0.0,0.0,0.0
4332,65002.9749907433,0.0,0.0
4333,0.0,0.0,0.0
4334,0.0,0.0,2095.565310363769
4335,0.0,0.0,4191.130620727538
4336,0.0,0.0,4191.130620727538
4337,0.0,0.0,4191.130620727538
4338,64351.45849946008,0.0,1937.8345880783245
4339,0.0,0.0,1937.8345880783245
4340,0.0,0.0,0.0
4341,0.0,0.0,0.0
4342,0.0,0.0,0.0
4343,0.0,0.0,0.0
4344,63699.94200817685,0.0,0.0
4345,0.0,0.0,0.0
4346,0.0,0.0,0.0
4347,0.0,0.0,0.0
4348,0.0,0.0,0.0
4349,0.0,0.0,0.0
4350,63048.42551689362,0.0,0.0
4351,0.0,0.0,0.0
4352,0.0,0.0,0.0
4353,0.0,0.0,0.0
4354,0.0,0.0,0.0
4355,0.0,0.0,0.0
4356,63520.2680706416,0.0,2095.565310363769
4357,0.0,0.0,4191.130620727538
4358,0.0,0.0,6286.695931091308
4359,0.0,0.0,8134.296933951491
4360,0.0,0.0,8134.296933951491
4361,0.0,0.0,8134.296933951491
4362,63992.11062438958,0.0,6917.784806756828
4363,0.0,0.0,4664.488774107615
4364,0.0,0.0,2411.1927414584006
4365,0.0,0.0,157.89670880918675
4366,0.0,0.0,0.0
4367,0.0,0.0,0.0
4368,64463.95317813756,0.0,0.0
4369,0.0,0.0,0.0
4370,0.0,0.0,0.0
4371,0.0,0.0,0.0
4372,0.0,0.0,2095.565310363769
4373,0.0,0.0,2095.565310363769
4374,64935.79573188553,0.0,2095.565310363769
4375,0.0,0.0,2095.565310363769
4376,0.0,0.0,0.0
4377,0.0,0.0,0.0
4378,0.0,0.0,2095.565310363769
4379,0.0,0.0,4191.130620727538
4380,65407.63828563351,0.0,4500.869379272463
4381,0.0,5.888972745734179,6596.434689636231
4382,0.0,53.00075471160764,8692.0
4383,0.0,100.1125366774811,8692.0
4384,0.0,147.22431864335456,8692.0
4385,0.0,147.22431864335456,8692.0
4386,65879.48083938149,122.68693220279546,8070.861566774231
4387,0.0,98.14954576223636,7443.198572774803
4388,0.0,73.61215932167728,6495.658103326023
4389,0.0,49.074772881118186,4303.589738804432
4390,0.0,24.537386440559093,2050.293706155218
4391,0.0,0.0,0.0
4392,66351.32339312947,0.0,0.0
4393,0.0,0.0,0.0
4394,0.0,0.0,0.0
4395,0.0,0.0,0.0
4396,0.0,0.0,0.0
4397,0.0,0.0,0.0
4398,66823.16594687745,0.0,0.0
4399,0.0,0.0,0.0
4400,0.0,0.0,0.0
4401,0.0,0.0,0.0
4402,0.0,0.0,0.0
4403,0.0,0.0,2095.565310363769
4404,67295.00850062542,0.0,2095.565310363769
4405,0.0,0.0,4191.130620727538
4406,0.0,0.0,6286.695931091308
4407,0.0,0.0,8382.261241455077
4408,0.0,0.0,8382.261241455077
4409,0.0,0.0,8382.261241455077
4410,67766.8510543734,0.0,6128.965208805863
4411,0.0,0.0,6128.965208805863
4412,0.0,0.0,6128.965208805863
4413,0.0,0.0,3875.669176156649
4414,0.0,0.0,2253.296032649214
4415,0.0,0.0,0.0
4416,67115.33456309017,0.0,0.0
4417,0.0,0.0,0.0
4418,0.0,0.0,0.0
4419,0.0,0.0,0.0
4420,0.0,0.0,0.0
4421,0.0,0.0,0.0
4422,66463.81807180695,0.0,0.0
4423,0.0,0.0,0.0
4424,0.0,0.0,0.0
4425,0.0,0.0,0.0
4426,0.0,0.0,0.0
4427,0.0,0.0,2095.565310363769
4428,66935.66062555493,0.0,2095.565310363769
4429,0.0,0.0,4191.130620727538
4430,0.0,0.0,5960.8037623877335
4431,0.0,0.0,8056.369072751502
4432,0.0,0.0,8056.369072751502
4433,0.0,0.0,8692.0
4434,67407.5031793029,0.0,8692.0
4435,0.0,0.0,8692.0
4436,0.0,0.0,8692.0
4437,0.0,0.0,8617.035528373855
4438,0.0,0.0,7265.144085079261
4439,0.0,0.0,7265.144085079261
4440,67879.34573305088,0.0,5542.881962486339
4441,0.0,0.0,5542.881962486339
4442,0.0,0.0,5280.617410596624
4443,0.0,0.0,4958.490131426517
4444,0.0,0.0,4130.872889334728
4445,0.0,0.0,3001.445112667874
4446,68351.18828679886,0.0,2246.221540951969
4447,0.0,0.0,603.8355744207106
4448,0.0,0.0,0.0
4449,0.0,0.0,0.0
4450,0.0,0.0,0.0
4451,0.0,0.0,0.0
4452,68823.03084054684,0.0,2095.565310363769
4453,0.0,0.0,2095.565310363769
4454,0.0,0.0,4191.130620727538
4455,0.0,0.0,6286.695931091308
4456,0.0,0.0,6286.695931091308
4457,0.0,0.0,6286.695931091308
4458,69294.87339429482,0.0,4033.399898442094
4459,0.0,0.0,1780.1038657928802
4460,0.0,0.0,1780.1038657928802
4461,0.0,0.0,1780.1038657928802
4462,0.0,0.0,1780.1038657928802
4463,0.0,0.0,0.0
4464,69766.7159480428,0.0,0.0
4465,0.0,0.0,0.0
4466,0.0,0.0,0.0
4467,0.0,0.0,0.0
4468,0.0,0.0,0.0
4469,0.0,0.0,0.0
4470,70238.55850179077,0.0,0.0
4471,0.0,0.0,0.0
4472,0.0,0.0,0.0
4473,0.0,0.0,0.0
4474,0.0,0.0,0.0
4475,0.0,0.0,2095.565310363769
4476,70710.40105553875,0.0,4191.130620727538
4477,0.0,0.0,4191.130620727538
4478,0.0,0.0,6286.695931091308
4479,0.0,0.0,6596.434689636231
4480,0.0,0.0,8692.0
4481,0.0,0.0,8692.0
4482,71182.24360928673,0.0,8692.0
4483,0.0,0.0,8692.0
4484,0.0,0.0,8165.959479557535
4485,0.0,0.0,5912.663446908321
4486,0.0,0.0,3659.367414259107
4487,0.0,0.0,3659.367414259107
4488,71654.0861630347,0.0,3659.367414259107
4489,0.0,0.0,1406.0713816098933
4490,0.0,0.0,0.0
4491,0.0,0.0,0.0
4492,0.0,0.0,0.0
4493,0.0,0.0,0.0
4494,72125.92871678268,0.0,0.0
4495,0.0,0.0,0.0
4496,0.0,0.0,0.0
4497,0.0,0.0,0.0
4498,0.0,0.0,0.0
4499,0.0,0.0,0.0
4500,72597.77127053066,0.0,0.0
4501,0.0,0.0,0.0
4502,0.0,0.0,0.0
4503,0.0,0.0,0.0
4504,0.0,0.0,1010.9152483901285
4505,0.0,0.0,3106.4805587538976
4506,73069.61382427864,0.0,3106.4805587538976
4507,0.0,0.0,3106.4805587538976
4508,0.0,0.0,1824.868535503336
4509,0.0,0.0,1824.868535503336
4510,0.0,0.0,1181.4841616161175
4511,0.0,0.0,0.0
4512,73541.45637802662,0.0,0.0
4513,0.0,0.0,0.0
4514,0.0,0.0,0.0
4515,0.0,0.0,0.0
4516,0.0,0.0,0.0
4517,0.0,0.0,0.0
4518,74013.2989317746,0.0,0.0
4519,0.0,0.0,0.0
4520,0.0,0.0,0.0
4521,0.0,0.0,0.0
4522,0.0,0.0,0.0
4523,0.0,0.0,0.0
4524,74485.14148552257,0.0,0.0
4525,0.0,0.0,0.0
4526,0.0,0.0,0.0
4527,0.0,0.0,0.0
4528,0.0,0.0,1807.1282330274948
4529,0.0,0.0,3902.693543391264
4530,74956.98403927055,0.0,4298.100587950125
4531,0.0,0.0,4242.973856165305
4532,0.0,0.0,2893.887509313836
4533,0.0,0.0,1248.339912395891
4534,0.0,0.0,0.0
4535,0.0,0.0,0.0
4536,75428.82659301853,0.0,0.0
4537,0.0,0.0,0.0
4538,0.0,0.0,0.0
4539,0.0,0.0,0.0
4540,0.0,0.0,0.0
4541,0.0,0.0,0.0
4542,75900.66914676651,0.0,0.0
4543,0.0,0.0,0.0
4544,0.0,0.0,0.0
4545,0.0,0.0,0.0
4546,0.0,0.0,0.0
4547,0.0,47.11178196587346,0.0
4548,76372.51170051449,83.55287213650615,0.0
4549,0.0,130.6646541023796,1274.529406912723
4550,0.0,130.6646541023796,2405.3040689086934
4551,0.0,177.77643606825308,4500.869379272463
4552,0.0,224.8882180341265,6596.434689636231
4553,0.0,272.0,8692.0
4554,76844.35425426246,272.0,8692.0
4555,0.0,272.0,8692.0
4556,0.0,272.0,8692.0
4557,0.0,272.0,8692.0
4558,0.0,272.0,7527.3734989204195
4559,0.0,272.0,5995.59619106725
4560,77316.19680801044,272.0,5929.600932566556
4561,0.0,272.0,7240.428771751036
4562,0.0,272.0,7847.038871842587
4563,0.0,272.0,7847.038871842587
4564,0.0,272.0,8692.0
4565,0.0,272.0,8264.805572909805
4566,77788.03936175842,272.0,6011.509540260591
4567,0.0,272.0,3758.213507611377
4568,0.0,272.0,1504.9174749621634
4569,0.0,272.0,0.0
4570,0.0,272.0,0.0
4571,0.0,272.0,2095.565310363769
4572,78259.8819155064,272.0,4191.130620727538
4573,0.0,272.0,5155.651760577949
4574,0.0,272.0,5642.600645945247
4575,0.0,272.0,6596.434689636231
4576,0.0,272.0,8692.0
4577,0.0,272.0,8692.0
4578,78731.72446925438,272.0,8692.0
4579,0.0,272.0,8042.90997179042
4580,0.0,247.4626135594409,5789.613939141206
4581,0.0,222.92522711888185,3536.3179064919923
4582,0.0,198.38784067832276,1283.0218738427786
4583,0.0,198.38784067832276,0.0
4584,79203.56702300235,198.38784067832276,0.0
4585,0.0,198.38784067832276,0.0
4586,0.0,198.38784067832276,0.0
4587,0.0,198.38784067832276,0.0
4588,0.0,198.38784067832276,0.0
4589,0.0,198.38784067832276,0.0
4590,79240.0,198.38784067832276,0.0
4591,0.0,198.38784067832276,0.0
4592,0.0,198.38784067832276,0.0
4593,0.0,198.38784067832276,0.0
4594,0.0,198.38784067832276,0.0
4595,0.0,198.38784067832276,1730.935538907519
4596,78588.48350871677,198.38784067832276,1870.3546670259211
4597,0.0,245.4996226441962,3965.9199773896903
4598,0.0,245.4996226441962,6061.48528775346
4599,0.0,272.0,7715.695172130239
4600,0.0,272.0,8692.0
4601,0.0,272.0,8692.0
4602,77936.96701743355,272.0,8692.0
4603,0.0,272.0,6438.703967350786
4604,0.0,272.0,4185.407934701572
4605,0.0,272.0,2253.296032649214
4606,0.0,272.0,0.0
4607,0.0,272.0,0.0
4608,77285.45052615032,272.0,0.0
4609,0.0,272.0,0.0
4610,0.0,272.0,0.0
4611,0.0,272.0,0.0
4612,0.0,272.0,0.0
4613,0.0,272.0,0.0
4614,76633.9340348671,272.0,0.0
4615,0.0,272.0,0.0
4616,0.0,272.0,0.0
4617,0.0,272.0,309.73875854492417
4618,0.0,272.0,309.73875854492417
4619,0.0,272.0,2405.3040689086934
4620,75982.41754358387,272.0,4500.869379272463
4621,0.0,272.0,6596.434689636231
4622,0.0,272.0,6596.434689636231
4623,0.0,272.0,8692.0
4624,0.0,272.0,8692.0
4625,0.0,272.0,8692.0
4626,75330.90105230064,272.0,8692.0
4627,0.0,272.0,8692.0
4628,0.0,272.0,8692.0
4629,0.0,272.0,8692.0
4630,0.0,272.0,8692.0
4631,0.0,272.0,8692.0
4632,74679.38456101742,272.0,8692.0
4633,0.0,272.0,8692.0
4634,0.0,272.0,8692.0
4635,0.0,272.0,8692.0
4636,0.0,272.0,8692.0
4637,0.0,272.0,8692.0
4638,74027.86806973419,272.0,8692.0
4639,0.0,272.0,8692.0
4640,0.0,272.0,7570.511629975463
4641,0.0,269.91125084615004,5654.627592443919
4642,0.0,245.3738644055909,3651.012110329924
4643,0.0,220.83647796503183,2822.823576919924
4644,73376.35157845097,196.29909152447277,2632.369825135042
4645,0.0,171.76170508391365,2080.230312348278
4646,0.0,147.22431864335456,1815.501461150488
4647,0.0,122.68693220279546,1260.7604865568037
4648,0.0,98.14954576223636,1260.7604865568037
4649,0.0,73.61215932167728,1260.7604865568037
4650,72724.83508716774,49.074772881118186,392.07077645977
4651,0.0,24.537386440559093,0.0
4652,0.0,0.0,0.0
4653,0.0,0.0,0.0
4654,0.0,0.0,0.0
4655,0.0,0.0,0.0
4656,72073.31859588451,0.0,0.0
4657,0.0,0.0,2095.565310363769
4658,0.0,0.0,4191.130620727538
4659,0.0,0.0,5699.567511438451
4660,0.0,0.0,7795.132821802221
4661,0.0,0.0,8692.0
4662,71421.80210460129,0.0,8692.0
4663,0.0,0.0,8692.0
4664,0.0,0.0,8678.623725164973
4665,0.0,0.0,7414.639720730208
4666,0.0,0.0,6182.368832139159
4667,0.0,0.0,6182.368832139159
4668,70770.28561331806,0.0,6182.368832139159
4669,0.0,0.0,6406.291108422453
4670,0.0,0.0,6406.291108422453
4671,0.0,0.0,6742.41778143951
4672,0.0,0.0,7103.941547648476
4673,0.0,0.0,7103.941547648476
4674,70118.76912203484,0.0,5962.435303662792
4675,0.0,0.0,4854.538947853112
4676,0.0,0.0,4196.098389588044
4677,0.0,0.0,3127.338458772513
4678,0.0,0.0,1748.021921577822
4679,0.0,0.0,361.7282118419378
4680,69467.25263075161,0.0,0.0
4681,0.0,0.0,0.0
4682,0.0,0.0,0.0
4683,0.0,0.0,0.0
4684,0.0,0.0,0.0
4685,0.0,0.0,0.0
4686,68815.73613946838,0.0,0.0
4687,0.0,0.0,0.0
4688,0.0,0.0,0.0
4689,0.0,0.0,0.0
4690,0.0,0.0,0.0
4691,0.0,0.0,824.8225035948575
4692,69287.57869321636,0.0,909.3816312830088
4693,0.0,0.0,637.5284417516182
4694,0.0,0.0,359.0543829370319
4695,0.0,0.0,956.967924170256
4696,0.0,0.0,1331.936199738333
4697,0.0,0.0,1310.0973286850797
4698,69759.42124696434,0.0,1310.0973286850797
4699,0.0,0.0,0.0
4700,0.0,0.0,0.0
4701,0.0,0.0,0.0
4702,0.0,0.0,0.0
4703,0.0,0.0,0.0
4704,69107.90475568111,0.0,0.0
4705,0.0,0.0,0.0
4706,0.0,0.0,396.3450419031371
4707,0.0,0.0,848.9578005333155
4708,0.0,0.0,1383.5377743968345
4709,0.0,0.0,1786.1218183885276
4710,68456.38826439789,0.0,1760.0989854010838
4711,0.0,0.0,1531.160481367279
4712,0.0,0.0,0.0
4713,0.0,0.0,0.0
4714,0.0,0.0,0.0
4715,0.0,0.0,0.0
4716,67804.87177311466,0.0,0.0
4717,0.0,0.0,0.0
4718,0.0,0.0,0.0
4719,0.0,0.0,0.0
4720,0.0,0.0,0.0
4721,0.0,0.0,0.0
4722,67153.35528183143,0.0,0.0
4723,0.0,0.0,0.0
4724,0.0,0.0,0.0
4725,0.0,0.0,0.0
4726,0.0,0.0,0.0
4727,0.0,0.0,0.0
4728,66501.83879054821,0.0,0.0
4729,0.0,0.0,0.0
4730,0.0,0.0,0.0
4731,0.0,0.0,0.0
4732,0.0,0.0,232.57683910700675
4733,0.0,0.0,854.6843878907167
4734,65850.32229926498,0.0,946.4549644910214
4735,0.0,0.0,0.0
4736,0.0,0.0,0.0
4737,0.0,0.0,0.0
4738,0.0,0.0,0.0
4739,0.0,0.0,0.0
4740,66322.16485301296,0.0,0.0
4741,0.0,36.44109017063269,805.6612214573133
4742,0.0,36.44109017063269,2901.2265318210825
4743,0.0,36.44109017063269,4996.791842184852
4744,0.0,36.44109017063269,7092.35715254862
4745,0.0,36.44109017063269,8692.0
4746,66794.00740676094,36.44109017063269,8692.0
4747,0.0,36.44109017063269,8692.0
4748,0.0,36.44109017063269,8692.0
4749,0.0,36.44109017063269,6573.7146945551885
4750,0.0,36.44109017063269,6105.537515688533
4751,0.0,36.44109017063269,6105.537515688533
4752,67265.84996050892,36.44109017063269,6105.537515688533
4753,0.0,36.44109017063269,6105.537515688533
4754,0.0,36.44109017063269,3852.241483039319
4755,0.0,36.44109017063269,3852.241483039319
4756,0.0,36.44109017063269,3852.241483039319
4757,0.0,36.44109017063269,3375.2284484623647
4758,67737.6925142569,36.44109017063269,1852.6033509213555
4759,0.0,36.44109017063269,0.0
4760,0.0,36.44109017063269,0.0
4761,0.0,36.44109017063269,0.0
4762,0.0,36.44109017063269,0.0
4763,0.0,36.44109017063269,0.0
4764,68209.53506800487,83.55287213650615,1140.1871961515903
4765,0.0,130.6646541023796,3235.7525065153595
4766,0.0,177.77643606825308,5225.219457277704
4767,0.0,224.8882180341265,7320.784767641473
4768,0.0,272.0,8692.0
4769,0.0,272.0,8692.0
4770,68681.37762175285,272.0,8692.0
4771,0.0,272.0,8692.0
4772,0.0,272.0,8692.0
4773,0.0,272.0,8692.0
4774,0.0,272.0,8692.0
4775,0.0,272.0,8239.692466803466
4776,69153.22017550083,272.0,8239.692466803466
4777,0.0,272.0,8239.692466803466
4778,0.0,272.0,8239.692466803466
4779,0.0,272.0,5986.396434154252
4780,0.0,272.0,4506.592065298428
4781,0.0,272.0,4506.592065298428
4782,69625.0627292488,272.0,2253.296032649214
4783,0.0,272.0,0.0
4784,0.0,272.0,0.0
4785,0.0,272.0,1141.1247311024315
4786,0.0,272.0,3236.690041466201
4787,0.0,272.0,5332.25535182997
4788,70096.90528299678,272.0,6675.810063386118
4789,0.0,272.0,6596.434689636231
4790,0.0,272.0,6596.434689636231
4791,0.0,272.0,8692.0
4792,0.0,272.0,8692.0
4793,0.0,272.0,8692.0
4794,70568.74783674476,272.0,8692.0
4795,0.0,272.0,8692.0
4796,0.0,272.0,8692.0
4797,0.0,272.0,8692.0
4798,0.0,272.0,8692.0
4799,0.0,272.0,8692.0
4800,69917.23134546154,272.0,8692.0
4801,0.0,272.0,8692.0
4802,0.0,272.0,8692.0
4803,0.0,272.0,8692.0
4804,0.0,272.0,8692.0
4805,0.0,272.0,8692.0
4806,69265.71485417831,272.0,8692.0
4807,0.0,269.91125084615004,6870.204377352995
4808,0.0,245.3738644055909,5040.506782934012
4809,0.0,245.3738644055909,4983.792340186299
4810,0.0,245.3738644055909,4983.792340186299
4811,0.0,245.3738644055909,5967.520034827779
4812,68614.19836289508,245.3738644055909,8063.085345191548
4813,0.0,245.3738644055909,8692.0
4814,0.0,220.83647796503183,6973.24505604698
4815,0.0,196.29909152447277,5080.844852049316
4816,0.0,171.76170508391365,2870.7395454379484
4817,0.0,147.22431864335456,617.4435127887346
4818,67962.68187161186,122.68693220279546,0.0
4819,0.0,122.68693220279546,0.0
4820,0.0,122.68693220279546,0.0
4821,0.0,122.68693220279546,0.0
4822,0.0,122.68693220279546,0.0
4823,0.0,122.68693220279546,0.0
4824,67311.16538032863,122.68693220279546,0.0
4825,0.0,122.68693220279546,0.0
4826,0.0,122.68693220279546,0.0
4827,0.0,122.68693220279546,0.0
4828,0.0,122.68693220279546,2095.565310363769
4829,0.0,122.68693220279546,2095.565310363769
4830,66659.6488890454,122.68693220279546,2095.565310363769
4831,0.0,122.68693220279546,1493.2493421669576
4832,0.0,122.68693220279546,0.0
4833,0.0,122.68693220279546,0.0
4834,0.0,122.68693220279546,0.0
4835,0.0,122.68693220279546,234.12136509307703
4836,67131.49144279338,122.68693220279546,1046.465156685072
4837,0.0,122.68693220279546,2405.3040689086934
4838,0.0,122.68693220279546,4500.869379272463
4839,0.0,122.68693220279546,6596.434689636231
4840,0.0,122.68693220279546,8692.0
4841,0.0,122.68693220279546,8692.0
4842,67603.33399654136,122.68693220279546,8692.0
4843,0.0,122.68693220279546,8692.0
4844,0.0,122.68693220279546,8692.0
4845,0.0,122.68693220279546,8692.0
4846,0.0,122.68693220279546,8692.0
4847,0.0,122.68693220279546,8692.0
4848,66951.81750525814,122.68693220279546,8692.0
4849,0.0,122.68693220279546,8692.0
4850,0.0,122.68693220279546,8692.0
4851,0.0,122.68693220279546,6679.050839559597
4852,0.0,122.68693220279546,6679.050839559597
4853,0.0,122.68693220279546,6679.050839559597
4854,66300.30101397491,122.68693220279546,4506.592065298428
4855,0.0,122.68693220279546,2253.296032649214
4856,0.0,122.68693220279546,0.0
4857,0.0,122.68693220279546,0.0
4858,0.0,122.68693220279546,0.0
4859,0.0,122.68693220279546,0.0
4860,65648.78452269168,122.68693220279546,2095.565310363769
4861,0.0,122.68693220279546,4191.130620727538
4862,0.0,122.68693220279546,6286.695931091308
4863,0.0,122.68693220279546,6596.434689636231
4864,0.0,122.68693220279546,8692.0
4865,0.0,122.68693220279546,8692.0
4866,64997.26803140846,122.68693220279546,8692.0
4867,0.0,122.68693220279546,8692.0
4868,0.0,122.68693220279546,8692.0
4869,0.0,122.68693220279546,7147.131291030077
4870,0.0,122.68693220279546,5027.861026905522
4871,0.0,122.68693220279546,2832.617448119172
4872,64345.75154012523,122.68693220279546,2832.617448119172
4873,0.0,122.68693220279546,2832.617448119172
4874,0.0,122.68693220279546,2832.617448119172
4875,0.0,122.68693220279546,2832.617448119172
4876,0.0,122.68693220279546,2832.617448119172
4877,0.0,122.68693220279546,2832.617448119172
4878,63694.235048842005,122.68693220279546,2832.617448119172
4879,0.0,122.68693220279546,960.217720300492
4880,0.0,122.68693220279546,0.0
4881,0.0,122.68693220279546,0.0
4882,0.0,122.68693220279546,0.0
4883,0.0,122.68693220279546,0.0
4884,63042.71855755878,122.68693220279546,0.0
4885,0.0,122.68693220279546,1672.3193157154374
4886,0.0,122.68693220279546,3767.884626079207
4887,0.0,122.68693220279546,5863.449936442976
4888,0.0,122.68693220279546,7959.015246806744
4889,0.0,122.68693220279546,8692.0
4890,63514.56111130676,122.68693220279546,8692.0
4891,0.0,122.68693220279546,8692.0
4892,0.0,98.14954576223636,6863.408038836401
4893,0.0,73.61215932167728,4610.112006187187
4894,0.0,49.074772881118186,2356.815973537973
4895,0.0,24.537386440559093,103.51994088875928
4896,62863.04462002353,0.0,0.0
4897,0.0,0.0,0.0
4898,0.0,0.0,601.317390381959
4899,0.0,0.0,999.6851335060392
4900,0.0,0.0,1837.0556766436264
4901,0.0,0.0,2522.5435495827537
4902,62211.52812874031,0.0,2445.30219068309
4903,0.0,0.0,1351.1906826171803
4904,0.0,0.0,0.0
4905,0.0,0.0,0.0
4906,0.0,0.0,0.0
4907,0.0,0.0,67.38914649016384
4908,61560.01163745708,0.0,2162.954456853933
4909,0.0,0.0,2929.863092355821
4910,0.0,0.0,2929.863092355821
4911,0.0,0.0,2929.863092355821
4912,0.0,0.0,2929.863092355821
4913,0.0,0.0,2929.863092355821
4914,60908.49514617385,0.0,1180.042585271602
4915,0.0,0.0,0.0
4916,0.0,0.0,0.0
4917,0.0,0.0,0.0
4918,0.0,0.0,0.0
4919,0.0,0.0,0.0
4920,60256.97865489063,0.0,0.0
4921,0.0,0.0,0.0
4922,0.0,0.0,0.0
4923,0.0,0.0,0.0
4924,0.0,0.0,0.0
4925,0.0,0.0,0.0
4926,60728.821208638605,0.0,0.0
4927,0.0,0.0,0.0
4928,0.0,0.0,0.0
4929,0.0,0.0,0.0
4930,0.0,0.0,0.0
4931,0.0,0.0,0.0
4932,61200.66376238658,0.0,0.0
4933,0.0,0.0,0.0
4934,0.0,0.0,0.0
4935,0.0,0.0,0.0
4936,0.0,0.0,0.0
4937,0.0,0.0,0.0
4938,61672.50631613456,0.0,0.0
4939,0.0,0.0,0.0
4940,0.0,0.0,2095.565310363769
4941,0.0,0.0,2095.565310363769
4942,0.0,0.0,3666.094438512565
4943,0.0,0.0,4590.477805797911
4944,62144.34886988254,0.0,5381.34783318606
4945,0.0,0.0,6821.399709980643
4946,0.0,0.0,8319.292253761712
4947,0.0,0.0,8692.0
4948,0.0,0.0,7350.625440600918
4949,0.0,0.0,6759.888097947642
4950,62616.19142363052,0.0,4506.592065298428
4951,0.0,0.0,2253.296032649214
4952,0.0,0.0,0.0
4953,0.0,0.0,0.0
4954,0.0,0.0,0.0
4955,0.0,0.0,2095.565310363769
4956,63088.033977378494,0.0,2131.521344153517
4957,0.0,0.0,4127.251449387742
4958,0.0,0.0,5657.334373775484
4959,0.0,0.0,7752.899684139254
4960,0.0,0.0,8692.0
4961,0.0,0.0,8655.891072977476
4962,63559.87653112647,0.0,7505.265550752752
4963,0.0,0.0,5251.969518103539
4964,0.0,0.0,3366.622939836263
4965,0.0,0.0,2253.296032649214
4966,0.0,0.0,0.0
4967,0.0,0.0,0.0
4968,64031.71908487445,0.0,0.0
4969,0.0,0.0,0.0
4970,0.0,0.0,0.0
4971,0.0,0.0,0.0
4972,0.0,0.0,0.0
4973,0.0,0.0,2095.565310363769
4974,64503.56163862243,0.0,2615.716944176979
4975,0.0,0.0,2253.296032649214
4976,0.0,0.0,0.0
4977,0.0,0.0,0.0
4978,0.0,0.0,0.0
4979,0.0,0.0,0.0
4980,64975.404192370406,0.0,0.0
4981,0.0,0.0,0.0
4982,0.0,0.0,0.0
4983,0.0,0.0,0.0
4984,0.0,0.0,2095.565310363769
4985,0.0,0.0,2095.565310363769
4986,65447.246746118384,0.0,4191.130620727538
4987,0.0,0.0,4191.130620727538
4988,0.0,0.0,1937.8345880783245
4989,0.0,0.0,1937.8345880783245
4990,0.0,0.0,1937.8345880783245
4991,0.0,0.0,1937.8345880783245
4992,65919.08929986636,0.0,1937.8345880783245
4993,0.0,0.0,1937.8345880783245
4994,0.0,0.0,1937.8345880783245
4995,0.0,0.0,1937.8345880783245
4996,0.0,0.0,1937.8345880783245
4997,0.0,0.0,1937.8345880783245
4998,66390.93185361434,0.0,1937.8345880783245
4999,0.0,0.0,1937.8345880783245
5000,0.0,0.0,0.0
5001,0.0,0.0,0.0
5002,0.0,0.0,0.0
5003,0.0,0.0,2095.565310363769
5004,66862.77440736232,0.0,4191.130620727538
5005,0.0,0.0,4191.130620727538
5006,0.0,0.0,6286.695931091308
5007,0.0,0.0,6759.888097947642
5008,0.0,0.0,6759.888097947642
5009,0.0,0.0,6759.888097947642
5010,67334.6169611103,0.0,6759.888097947642
5011,0.0,0.0,4506.592065298428
5012,0.0,0.0,2253.296032649214
5013,0.0,0.0,0.0
5014,0.0,0.0,0.0
5015,0.0,0.0,0.0
5016,67806.45951485827,0.0,0.0
5017,0.0,0.0,0.0
5018,0.0,0.0,0.0
5019,0.0,0.0,0.0
5020,0.0,0.0,0.0
5021,0.0,0.0,0.0
5022,68278.30206860625,0.0,0.0
5023,0.0,0.0,0.0
5024,0.0,0.0,0.0
5025,0.0,0.0,0.0
5026,0.0,0.0,0.0
5027,0.0,0.0,0.0
5028,68750.14462235423,0.0,309.73875854492417
5029,0.0,0.0,2405.3040689086934
5030,0.0,0.0,4500.869379272463
5031,0.0,13.86669464531832,6596.434689636231
5032,0.0,60.97847661119178,8692.0
5033,0.0,60.97847661119178,8692.0
5034,69221.98717610221,60.97847661119178,8692.0
5035,0.0,60.97847661119178,6438.703967350786
5036,0.0,60.97847661119178,4185.407934701572
5037,0.0,60.97847661119178,2253.296032649214
5038,0.0,60.97847661119178,2253.296032649214
5039,0.0,60.97847661119178,2253.296032649214
5040,69693.82972985019,60.97847661119178,0.0
5041,0.0,60.97847661119178,0.0
5042,0.0,60.97847661119178,0.0
5043,0.0,60.97847661119178,0.0
5044,0.0,60.97847661119178,0.0
5045,0.0,60.97847661119178,0.0
5046,70165.67228359816,60.97847661119178,0.0
5047,0.0,60.97847661119178,0.0
5048,0.0,60.97847661119178,0.0
5049,0.0,60.97847661119178,0.0
5050,0.0,60.97847661119178,0.0
5051,0.0,60.97847661119178,0.0
5052,70637.51483734614,60.97847661119178,309.73875854492417
5053,0.0,60.97847661119178,2405.3040689086934
5054,0.0,60.97847661119178,2405.3040689086934
5055,0.0,60.97847661119178,4500.869379272463
5056,0.0,60.97847661119178,6596.434689636231
5057,0.0,60.97847661119178,8692.0
5058,71109.35739109412,60.97847661119178,8692.0
5059,0.0,60.97847661119178,8692.0
5060,0.0,60.97847661119178,8692.0
5061,0.0,60.97847661119178,8692.0
5062,0.0,60.97847661119178,8692.0
5063,0.0,60.97847661119178,8692.0
5064,71581.1999448421,60.97847661119178,8692.0
5065,0.0,60.97847661119178,8692.0
5066,0.0,60.97847661119178,8692.0
5067,0.0,60.97847661119178,8692.0
5068,0.0,60.97847661119178,8692.0
5069,0.0,60.97847661119178,8692.0
5070,72053.04249859008,60.97847661119178,8692.0
5071,0.0,60.97847661119178,6687.801693545945
5072,0.0,60.97847661119178,4434.505660896732
5073,0.0,60.97847661119178,4434.505660896732
5074,0.0,60.97847661119178,6530.0709712605
5075,0.0,60.97847661119178,6530.0709712605
5076,72524.88505233805,60.97847661119178,8625.636281624269
5077,0.0,60.97847661119178,8625.636281624269
5078,0.0,60.97847661119178,8692.0
5079,0.0,60.97847661119178,8692.0
5080,0.0,60.97847661119178,8692.0
5081,0.0,60.97847661119178,8692.0
5082,72996.72760608603,60.97847661119178,8692.0
5083,0.0,60.97847661119178,6438.703967350786
5084,0.0,60.97847661119178,4185.407934701572
5085,0.0,60.97847661119178,1932.1119020523583
5086,0.0,60.97847661119178,0.0
5087,0.0,60.97847661119178,0.0
5088,73468.57015983401,60.97847661119178,0.0
5089,0.0,60.97847661119178,0.0
5090,0.0,60.97847661119178,0.0
5091,0.0,60.97847661119178,0.0
5092,0.0,60.97847661119178,0.0
5093,0.0,60.97847661119178,0.0
5094,73940.41271358199,60.97847661119178,0.0
5095,0.0,60.97847661119178,0.0
5096,0.0,60.97847661119178,0.0
5097,0.0,60.97847661119178,0.0
5098,0.0,60.97847661119178,0.0
5099,0.0,60.97847661119178,1154.625697425677
5100,74412.25526732997,60.97847661119178,3250.191007789446
5101,0.0,60.97847661119178,5345.756318153215
5102,0.0,60.97847661119178,6596.434689636231
5103,0.0,60.97847661119178,8692.0
5104,0.0,60.97847661119178,8692.0
5105,0.0,60.97847661119178,8692.0
5106,74884.09782107794,60.97847661119178,6438.703967350786
5107,0.0,60.97847661119178,6438.703967350786
5108,0.0,60.97847661119178,4804.733622563208
5109,0.0,60.97847661119178,2904.458892577145
5110,0.0,60.97847661119178,745.2528691945761
5111,0.0,60.97847661119178,745.2528691945761
5112,75355.94037482592,60.97847661119178,745.2528691945761
5113,0.0,60.97847661119178,745.2528691945761
5114,0.0,60.97847661119178,745.2528691945761
5115,0.0,60.97847661119178,745.2528691945761
5116,0.0,60.97847661119178,745.2528691945761
5117,0.0,60.97847661119178,745.2528691945761
5118,75827.7829285739,60.97847661119178,745.2528691945761
5119,0.0,60.97847661119178,120.11753690608322
5120,0.0,60.97847661119178,0.0
5121,0.0,60.97847661119178,0.0
5122,0.0,60.97847661119178,0.0
5123,0.0,60.97847661119178,0.0
5124,76299.62548232188,60.97847661119178,0.0
5125,0.0,60.97847661119178,2095.565310363769
5126,0.0,60.97847661119178,2405.3040689086934
5127,0.0,60.97847661119178,4500.869379272463
5128,0.0,60.97847661119178,6596.434689636231
5129,0.0,60.97847661119178,8692.0
5130,76771.46803606985,60.97847661119178,6759.888097947642
5131,0.0,60.97847661119178,4506.592065298428
5132,0.0,36.44109017063269,2253.296032649214
5133,0.0,36.44109017063269,0.0
5134,0.0,36.44109017063269,0.0
5135,0.0,36.44109017063269,0.0
5136,76119.95154478663,36.44109017063269,0.0
5137,0.0,36.44109017063269,0.0
5138,0.0,36.44109017063269,0.0
5139,0.0,36.44109017063269,0.0
5140,0.0,36.44109017063269,0.0
5141,0.0,36.44109017063269,0.0
5142,75468.4350535034,36.44109017063269,0.0
5143,0.0,36.44109017063269,0.0
5144,0.0,36.44109017063269,0.0
5145,0.0,36.44109017063269,0.0
5146,0.0,36.44109017063269,0.0
5147,0.0,83.55287213650615,1452.70186822932
5148,75940.27760725138,130.6646541023796,3420.3742173703827
5149,0.0,177.77643606825308,5515.939527734152
5150,0.0,224.8882180341265,7611.5048380979215
5151,0.0,272.0,8692.0
5152,0.0,272.0,8692.0
5153,0.0,272.0,8692.0
5154,76412.12016099936,272.0,8692.0
5155,0.0,272.0,8692.0
5156,0.0,272.0,8692.0
5157,0.0,272.0,8692.0
5158,0.0,272.0,8692.0
5159,0.0,272.0,6438.703967350786
5160,76883.96271474734,272.0,6438.703967350786
5161,0.0,272.0,6438.703967350786
5162,0.0,272.0,6438.703967350786
5163,0.0,272.0,6438.703967350786
5164,0.0,272.0,6438.703967350786
5165,0.0,272.0,5287.166768734568
5166,77355.80526849531,272.0,5287.166768734568
5167,0.0,272.0,5287.166768734568
5168,0.0,272.0,5287.166768734568
5169,0.0,272.0,3795.699958743008
5170,0.0,247.4626135594409,1542.4039260937946
5171,0.0,247.4626135594409,0.0
5172,76704.28877721209,247.4626135594409,0.0
5173,0.0,247.4626135594409,0.0
5174,0.0,247.4626135594409,692.2561338393801
5175,0.0,247.4626135594409,1095.5216977758064
5176,0.0,247.4626135594409,3191.087008139576
5177,0.0,247.4626135594409,5286.652318503345
5178,76052.77228592886,247.4626135594409,5286.652318503345
5179,0.0,247.4626135594409,4845.083592570198
5180,0.0,247.4626135594409,2591.7875599209838
5181,0.0,247.4626135594409,2591.7875599209838
5182,0.0,247.4626135594409,338.49152727176926
5183,0.0,247.4626135594409,0.0
5184,75401.25579464564,247.4626135594409,0.0
5185,0.0,247.4626135594409,0.0
5186,0.0,247.4626135594409,0.0
5187,0.0,247.4626135594409,0.0
5188,0.0,247.4626135594409,0.0
5189,0.0,247.4626135594409,0.0
5190,74749.73930336241,247.4626135594409,0.0
5191,0.0,247.4626135594409,0.0
5192,0.0,247.4626135594409,0.0
5193,0.0,247.4626135594409,0.0
5194,0.0,247.4626135594409,0.0
5195,0.0,247.4626135594409,0.0
5196,74098.22281207918,247.4626135594409,836.9952082236813
5197,0.0,247.4626135594409,2932.5605185874506
5198,0.0,247.4626135594409,5028.12582895122
5199,0.0,247.4626135594409,5824.369900988811
5200,0.0,247.4626135594409,5824.369900988811
5201,0.0,247.4626135594409,7919.93521135258
5202,73446.70632079596,247.4626135594409,5666.639178703366
5203,0.0,247.4626135594409,5076.543877536618
5204,0.0,247.4626135594409,4506.592065298428
5205,0.0,247.4626135594409,2253.296032649214
5206,0.0,247.4626135594409,0.0
5207,0.0,247.4626135594409,0.0
5208,72795.18982951273,247.4626135594409,0.0
5209,0.0,247.4626135594409,0.0
5210,0.0,247.4626135594409,0.0
5211,0.0,247.4626135594409,0.0
5212,0.0,247.4626135594409,0.0
5213,0.0,247.4626135594409,0.0
5214,72143.6733382295,247.4626135594409,0.0
5215,0.0,247.4626135594409,0.0
5216,0.0,247.4626135594409,0.0
5217,0.0,247.4626135594409,0.0
5218,0.0,247.4626135594409,0.0
5219,0.0,247.4626135594409,0.0
5220,71492.15684694628,247.4626135594409,2095.565310363769
5221,0.0,247.4626135594409,2095.565310363769
5222,0.0,247.4626135594409,2405.3040689086934
5223,0.0,247.4626135594409,4500.869379272463
5224,0.0,247.4626135594409,6596.434689636231
5225,0.0,247.4626135594409,8692.0
5226,70840.64035566305,247.4626135594409,8692.0
5227,0.0,247.4626135594409,8692.0
5228,0.0,247.4626135594409,8692.0
5229,0.0,247.4626135594409,8692.0
5230,0.0,247.4626135594409,8692.0
5231,0.0,247.4626135594409,8692.0
5232,70189.12386437983,247.4626135594409,8692.0
5233,0.0,247.4626135594409,8692.0
5234,0.0,247.4626135594409,8692.0
5235,0.0,247.4626135594409,8555.485872554324
5236,0.0,247.4626135594409,8370.478100887362
5237,0.0,247.4626135594409,6883.049875350291
5238,69537.6073730966,247.4626135594409,4973.467831685889
5239,0.0,222.92522711888185,2720.171799036675
5240,0.0,198.38784067832276,466.875766387461
5241,0.0,198.38784067832276,0.0
5242,0.0,198.38784067832276,0.0
5243,0.0,198.38784067832276,2095.565310363769
5244,68886.09088181338,198.38784067832276,4191.130620727538
5245,0.0,198.38784067832276,4500.869379272463
5246,0.0,198.38784067832276,6596.434689636231
5247,0.0,198.38784067832276,6596.434689636231
5248,0.0,198.38784067832276,8692.0
5249,0.0,198.38784067832276,8692.0
5250,68234.57439053015,198.38784067832276,8692.0
5251,0.0,198.38784067832276,6438.703967350786
5252,0.0,198.38784067832276,5387.2352710870055
5253,0.0,198.38784067832276,3133.939238437792
5254,0.0,198.38784067832276,3133.939238437792
5255,0.0,198.38784067832276,880.6432057885777
5256,67583.05789924692,198.38784067832276,0.0
5257,0.0,198.38784067832276,0.0
5258,0.0,198.38784067832276,0.0
5259,0.0,198.38784067832276,0.0
5260,0.0,198.38784067832276,0.0
5261,0.0,198.38784067832276,0.0
5262,66931.5414079637,198.38784067832276,0.0
5263,0.0,198.38784067832276,0.0
5264,0.0,198.38784067832276,0.0
5265,0.0,198.38784067832276,0.0
5266,0.0,198.38784067832276,309.73875854492417
5267,0.0,198.38784067832276,2405.3040689086934
5268,66280.02491668047,198.38784067832276,4500.869379272463
5269,0.0,198.38784067832276,6596.434689636231
5270,0.0,198.38784067832276,8692.0
5271,0.0,198.38784067832276,8692.0
5272,0.0,198.38784067832276,8692.0
5273,0.0,198.38784067832276,8692.0
5274,65628.50842539725,198.38784067832276,8692.0
5275,0.0,198.38784067832276,6544.288941697319
5276,0.0,173.85045423776364,4290.9929090481055
5277,0.0,173.85045423776364,2037.696876398892
5278,0.0,173.85045423776364,0.0
5279,0.0,173.85045423776364,0.0
5280,64976.99193411402,173.85045423776364,0.0
5281,0.0,173.85045423776364,0.0
5282,0.0,173.85045423776364,0.0
5283,0.0,173.85045423776364,0.0
5284,0.0,173.85045423776364,0.0
5285,0.0,173.85045423776364,0.0
5286,64325.47544283079,173.85045423776364,0.0
5287,0.0,173.85045423776364,0.0
5288,0.0,173.85045423776364,0.0
5289,0.0,173.85045423776364,0.0
5290,0.0,173.85045423776364,2095.565310363769
5291,0.0,173.85045423776364,4191.130620727538
5292,64797.31799657877,173.85045423776364,4191.130620727538
5293,0.0,173.85045423776364,6286.695931091308
5294,0.0,173.85045423776364,7762.8696982338115
5295,0.0,173.85045423776364,8692.0
5296,0.0,173.85045423776364,8692.0
5297,0.0,173.85045423776364,8692.0
5298,65269.16055032675,173.85045423776364,8692.0
5299,0.0,173.85045423776364,8692.0
5300,0.0,173.85045423776364,8400.305528935049
5301,0.0,173.85045423776364,7011.171474140505
5302,0.0,173.85045423776364,6127.0868524462285
5303,0.0,173.85045423776364,6127.0868524462285
5304,64617.64405904352,173.85045423776364,6127.0868524462285
5305,0.0,173.85045423776364,6127.0868524462285
5306,0.0,173.85045423776364,6127.0868524462285
5307,0.0,173.85045423776364,6127.0868524462285
5308,0.0,173.85045423776364,6127.0868524462285
5309,0.0,173.85045423776364,6127.0868524462285
5310,63966.1275677603,173.85045423776364,6127.0868524462285
5311,0.0,173.85045423776364,6127.0868524462285
5312,0.0,173.85045423776364,5373.684512835357
5313,0.0,149.31306779720455,3120.388480186143
5314,0.0,147.22431864335456,867.0924475369293
5315,0.0,147.22431864335456,502.40212896314745
5316,63314.61107647707,147.22431864335456,502.40212896314745
5317,0.0,147.22431864335456,516.5784452335779
5318,0.0,147.22431864335456,1575.0851841328376
5319,0.0,147.22431864335456,3670.650494496607
5320,0.0,147.22431864335456,5766.215804860376
5321,0.0,147.22431864335456,6871.905875399912
5322,62663.094585193845,147.22431864335456,5879.724569715888
5323,0.0,147.22431864335456,4401.595368653034
5324,0.0,147.22431864335456,2945.5307599928224
5325,0.0,147.22431864335456,2339.939373852534
5326,0.0,147.22431864335456,2333.216399156004
5327,0.0,147.22431864335456,2333.216399156004
5328,62011.57809391062,147.22431864335456,2333.216399156004
5329,0.0,147.22431864335456,2333.216399156004
5330,0.0,147.22431864335456,3107.488983894222
5331,0.0,147.22431864335456,3107.488983894222
5332,0.0,147.22431864335456,3107.488983894222
5333,0.0,147.22431864335456,3107.488983894222
5334,61360.06160262739,147.22431864335456,3107.488983894222
5335,0.0,147.22431864335456,2296.703808086624
5336,0.0,147.22431864335456,715.964836893487
5337,0.0,147.22431864335456,0.0
5338,0.0,147.22431864335456,61.43758511356432
5339,0.0,147.22431864335456,1172.0404420591824
5340,60708.54511134417,147.22431864335456,2904.419779621831
5341,0.0,147.22431864335456,4308.667194848026
5342,0.0,147.22431864335456,6211.449665132161
5343,0.0,147.22431864335456,8151.068852004088
5344,0.0,147.22431864335456,8692.0
5345,0.0,147.22431864335456,8692.0
5346,60057.02862006094,122.68693220279546,7448.5817143580225
5347,0.0,98.14954576223636,5195.285681708809
5348,0.0,73.61215932167728,3035.800502234056
5349,0.0,49.074772881118186,1299.0320146657402
5350,0.0,24.537386440559093,138.6387022164795
5351,0.0,0.0,0.0
5352,59405.51212877772,0.0,0.0
5353,0.0,0.0,0.0
5354,0.0,0.0,0.0
5355,0.0,0.0,0.0
5356,0.0,0.0,577.744049647394
5357,0.0,0.0,577.744049647394
5358,58753.99563749449,0.0,577.744049647394
5359,0.0,0.0,577.744049647394
5360,0.0,0.0,577.744049647394
5361,0.0,0.0,0.0
5362,0.0,0.0,0.0
5363,0.0,0.0,0.0
5364,58102.47914621126,0.0,0.0
5365,0.0,0.0,0.0
5366,0.0,0.0,0.0
5367,0.0,0.0,0.0
5368,0.0,0.0,429.5558984249607
5369,0.0,0.0,429.5558984249607
5370,57450.96265492804,0.0,182.0987237173479
5371,0.0,0.0,182.0987237173479
5372,0.0,0.0,0.0
5373,0.0,0.0,0.0
5374,0.0,0.0,0.0
5375,0.0,0.0,0.0
5376,56799.44616364481,0.0,0.0
5377,0.0,0.0,0.0
5378,0.0,0.0,0.0
5379,0.0,0.0,0.0
5380,0.0,0.0,0.0
5381,0.0,0.0,0.0
5382,56147.929672361584,0.0,0.0
5383,0.0,0.0,0.0
5384,0.0,0.0,0.0
5385,0.0,0.0,0.0
5386,0.0,0.0,0.0
5387,0.0,0.0,2095.565310363769
5388,55496.41318107836,0.0,4191.130620727538
5389,0.0,0.0,5202.531508253969
5390,0.0,0.0,7298.096818617738
5391,0.0,0.0,8692.0
5392,0.0,0.0,8692.0
5393,0.0,0.0,8692.0
5394,55496.41318107836,0.0,8251.312346788205
5395,0.0,0.0,8251.312346788205
5396,0.0,0.0,8251.312346788205
5397,0.0,0.0,8251.312346788205
5398,0.0,0.0,5998.016314138991
5399,0.0,0.0,5998.016314138991
5400,54844.89668979513,0.0,5998.016314138991
5401,0.0,0.0,5998.016314138991
5402,0.0,0.0,5998.016314138991
5403,0.0,0.0,5998.016314138991
5404,0.0,0.0,5998.016314138991
5405,0.0,0.0,5998.016314138991
5406,55316.73924354311,0.0,5998.016314138991
5407,0.0,0.0,4816.330823843352
5408,0.0,0.0,2563.034791194138
5409,0.0,0.0,309.73875854492417
5410,0.0,0.0,309.73875854492417
5411,0.0,0.0,2405.3040689086934
5412,55788.58179729109,0.0,2405.3040689086934
5413,0.0,0.0,4500.869379272463
5414,0.0,0.0,4500.869379272463
5415,0.0,24.537386440559093,6596.434689636231
5416,0.0,24.537386440559093,8692.0
5417,0.0,24.537386440559093,8692.0
5418,56260.424351039066,24.537386440559093,8692.0
5419,0.0,24.537386440559093,7450.086336172799
5420,0.0,24.537386440559093,5196.790303523585
5421,0.0,24.537386440559093,4642.34736709405
5422,0.0,24.537386440559093,4324.645428668124
5423,0.0,24.537386440559093,2071.3493960189094
5424,56732.26690478704,24.537386440559093,2071.3493960189094
5425,0.0,24.537386440559093,2071.3493960189094
5426,0.0,24.537386440559093,2071.3493960189094
5427,0.0,24.537386440559093,2071.3493960189094
5428,0.0,24.537386440559093,2071.3493960189094
5429,0.0,24.537386440559093,2071.3493960189094
5430,57204.10945853502,24.537386440559093,2071.3493960189094
5431,0.0,24.537386440559093,653.1363521938807
5432,0.0,24.537386440559093,0.0
5433,0.0,24.537386440559093,0.0
5434,0.0,24.537386440559093,0.0
5435,0.0,24.537386440559093,952.3922051753568
5436,56552.5929672518,24.537386440559093,2432.99309007759
5437,0.0,24.537386440559093,2983.308147323665
5438,0.0,24.537386440559093,5078.873457687434
5439,0.0,24.537386440559093,7174.438768051204
5440,0.0,24.537386440559093,7174.438768051204
5441,0.0,24.537386440559093,7174.438768051204
5442,55901.07647596857,24.537386440559093,7174.438768051204
5443,0.0,24.537386440559093,7174.438768051204
5444,0.0,24.537386440559093,7174.438768051204
5445,0.0,24.537386440559093,7174.438768051204
5446,0.0,24.537386440559093,7174.438768051204
5447,0.0,24.537386440559093,7174.438768051204
5448,55249.559984685344,24.537386440559093,7174.438768051204
5449,0.0,24.537386440559093,7174.438768051204
5450,0.0,24.537386440559093,7174.438768051204
5451,0.0,24.537386440559093,7174.438768051204
5452,0.0,24.537386440559093,7174.438768051204
5453,0.0,24.537386440559093,7174.438768051204
5454,54598.04349340212,24.537386440559093,7174.438768051204
5455,0.0,24.537386440559093,7174.438768051204
5456,0.0,24.537386440559093,7174.438768051204
5457,0.0,24.537386440559093,7174.438768051204
5458,0.0,24.537386440559093,7174.438768051204
5459,0.0,24.537386440559093,7174.438768051204
5460,53946.52700211889,24.537386440559093,7174.438768051204
5461,0.0,24.537386440559093,7174.438768051204
5462,0.0,24.537386440559093,7128.061723971272
5463,0.0,24.537386440559093,7128.061723971272
5464,0.0,24.537386440559093,7128.061723971272
5465,0.0,24.537386440559093,7128.061723971272
5466,53894.30442165786,24.537386440559093,7128.061723971272
5467,0.0,24.537386440559093,7128.061723971272
5468,0.0,24.537386440559093,7128.061723971272
5469,0.0,24.537386440559093,7128.061723971272
5470,0.0,24.537386440559093,7128.061723971272
5471,0.0,24.537386440559093,7128.061723971272
5472,53242.78793037463,24.537386440559093,7128.061723971272
5473,0.0,24.537386440559093,7128.061723971272
5474,0.0,24.537386440559093,7128.061723971272
5475,0.0,24.537386440559093,7128.061723971272
5476,0.0,24.537386440559093,7128.061723971272
5477,0.0,24.537386440559093,7128.061723971272
5478,53714.63048412261,24.537386440559093,7128.061723971272
5479,0.0,24.537386440559093,7128.061723971272
5480,0.0,24.537386440559093,7128.061723971272
5481,0.0,24.537386440559093,7128.061723971272
5482,0.0,24.537386440559093,7128.061723971272
5483,0.0,24.537386440559093,7128.061723971272
5484,54186.473037870586,24.537386440559093,7128.061723971272
5485,0.0,24.537386440559093,7128.061723971272
5486,0.0,24.537386440559093,7128.061723971272
5487,0.0,24.537386440559093,7128.061723971272
5488,0.0,24.537386440559093,7128.061723971272
5489,0.0,24.537386440559093,7128.061723971272
5490,54658.31559161856,24.537386440559093,6720.2616349105765
5491,0.0,24.537386440559093,4500.869379272463
5492,0.0,24.537386440559093,4500.869379272463
5493,0.0,24.537386440559093,4500.869379272463
5494,0.0,24.537386440559093,4500.869379272463
5495,0.0,24.537386440559093,4500.869379272463
5496,55130.15814536654,24.537386440559093,4500.869379272463
5497,0.0,24.537386440559093,4500.869379272463
5498,0.0,24.537386440559093,4500.869379272463
5499,0.0,24.537386440559093,4500.869379272463
5500,0.0,24.537386440559093,4500.869379272463
5501,0.0,24.537386440559093,4500.869379272463
5502,55602.00069911452,24.537386440559093,4500.869379272463
5503,0.0,24.537386440559093,4500.869379272463
5504,0.0,24.537386440559093,4500.869379272463
5505,0.0,24.537386440559093,4500.869379272463
5506,0.0,24.537386440559093,4500.869379272463
5507,0.0,24.537386440559093,6596.434689636231
5508,56073.8432528625,24.537386440559093,6596.434689636231
5509,0.0,24.537386440559093,8692.0
5510,0.0,24.537386440559093,8692.0
5511,0.0,24.537386440559093,8692.0
5512,0.0,24.537386440559093,8692.0
5513,0.0,24.537386440559093,8692.0
5514,56545.68580661048,24.537386440559093,8692.0
5515,0.0,24.537386440559093,8692.0
5516,0.0,24.537386440559093,8692.0
5517,0.0,24.537386440559093,7684.361537888884
5518,0.0,24.537386440559093,7684.361537888884
5519,0.0,24.537386440559093,7684.361537888884
5520,57017.52836035845,24.537386440559093,7684.361537888884
5521,0.0,24.537386440559093,7684.361537888884
5522,0.0,24.537386440559093,7684.361537888884
5523,0.0,24.537386440559093,7684.361537888884
5524,0.0,24.537386440559093,7684.361537888884
5525,0.0,24.537386440559093,7684.361537888884
5526,57489.37091410643,24.537386440559093,7684.361537888884
5527,0.0,24.537386440559093,7684.361537888884
5528,0.0,24.537386440559093,7684.361537888884
5529,0.0,24.537386440559093,7684.361537888884
5530,0.0,24.537386440559093,7684.361537888884
5531,0.0,24.537386440559093,7684.361537888884
5532,57961.21346785441,24.537386440559093,8601.445161449068
5533,0.0,24.537386440559093,8692.0
5534,0.0,24.537386440559093,8692.0
5535,0.0,24.537386440559093,8692.0
5536,0.0,24.537386440559093,8692.0
5537,0.0,24.537386440559093,8692.0
5538,58433.05602160239,24.537386440559093,7462.961111860469
5539,0.0,24.537386440559093,5720.941013987615
5540,0.0,0.0,3467.644981338401
5541,0.0,0.0,1923.3224923149055
5542,0.0,0.0,0.0
5543,0.0,0.0,0.0
5544,57781.53953031916,0.0,0.0
5545,0.0,0.0,0.0
5546,0.0,0.0,0.0
5547,0.0,0.0,0.0
5548,0.0,0.0,0.0
5549,0.0,0.0,0.0
5550,57130.023039035936,0.0,0.0
5551,0.0,0.0,0.0
5552,0.0,0.0,0.0
5553,0.0,0.0,0.0
5554,0.0,0.0,0.0
5555,0.0,0.0,2095.565310363769
5556,56478.50654775271,0.0,4191.130620727538
5557,0.0,0.0,6286.695931091308
5558,0.0,0.0,8382.261241455077
5559,0.0,0.0,8692.0
5560,0.0,0.0,8692.0
5561,0.0,0.0,8692.0
5562,55826.99005646948,0.0,8692.0
5563,0.0,0.0,6438.703967350786
5564,0.0,0.0,4185.407934701572
5565,0.0,0.0,1932.1119020523583
5566,0.0,0.0,1932.1119020523583
5567,0.0,0.0,1932.1119020523583
5568,55175.47356518626,0.0,1932.1119020523583
5569,0.0,0.0,1932.1119020523583
5570,0.0,0.0,1932.1119020523583
5571,0.0,0.0,1932.1119020523583
5572,0.0,0.0,1932.1119020523583
5573,0.0,0.0,1932.1119020523583
5574,54523.95707390303,0.0,1932.1119020523583
5575,0.0,0.0,0.0
5576,0.0,0.0,0.0
5577,0.0,0.0,0.0
5578,0.0,0.0,0.0
5579,0.0,0.0,873.4550230981797
5580,54995.79962765101,0.0,2969.020333461949
5581,0.0,0.0,3237.424576838006
5582,0.0,0.0,3237.424576838006
5583,0.0,0.0,4249.921378572059
5584,0.0,0.0,4249.921378572059
5585,0.0,0.0,1996.6253459228456
5586,55467.64218139899,0.0,1996.6253459228456
5587,0.0,0.0,1996.6253459228456
5588,0.0,0.0,451.6579372944973
5589,0.0,0.0,0.0
5590,0.0,0.0,0.0
5591,0.0,0.0,0.0
5592,54816.12569011576,0.0,0.0
5593,0.0,0.0,0.0
5594,0.0,0.0,0.0
5595,0.0,0.0,0.0
5596,0.0,0.0,0.0
5597,0.0,0.0,0.0
5598,54164.609198832535,0.0,0.0
5599,0.0,0.0,0.0
5600,0.0,0.0,0.0
5601,0.0,0.0,0.0
5602,0.0,0.0,0.0
5603,0.0,0.0,0.0
5604,54636.45175258051,0.0,2095.565310363769
5605,0.0,0.0,2800.422609475388
5606,0.0,0.0,4853.216356708391
5607,0.0,0.0,5475.550299346578
5608,0.0,0.0,7571.115609710347
5609,0.0,0.0,8692.0
5610,55108.29430632849,0.0,8173.960245356327
5611,0.0,0.0,6759.888097947642
5612,0.0,0.0,4506.592065298428
5613,0.0,0.0,2253.296032649214
5614,0.0,0.0,0.0
5615,0.0,0.0,0.0
5616,55580.13686007647,0.0,0.0
5617,0.0,0.0,0.0
5618,0.0,0.0,0.0
5619,0.0,0.0,0.0
5620,0.0,0.0,0.0
5621,0.0,0.0,0.0
5622,56051.97941382445,0.0,0.0
5623,0.0,0.0,0.0
5624,0.0,0.0,0.0
5625,0.0,0.0,0.0
5626,0.0,0.0,0.0
5627,0.0,0.0,1118.9778173797197
5628,56523.821967572425,0.0,3214.5431277434886
5629,0.0,0.0,3214.5431277434886
5630,0.0,0.0,3214.5431277434886
5631,0.0,0.0,5310.108438107258
5632,0.0,0.0,7405.673748471027
5633,0.0,0.0,8692.0
5634,56995.6645213204,0.0,8692.0
5635,0.0,0.0,8692.0
5636,0.0,0.0,8692.0
5637,0.0,0.0,8692.0
5638,0.0,0.0,8692.0
5639,0.0,0.0,8692.0
5640,57467.50707506838,0.0,8692.0
5641,0.0,0.0,8692.0
5642,0.0,0.0,8692.0
5643,0.0,0.0,8692.0
5644,0.0,0.0,8692.0
5645,0.0,0.0,8692.0
5646,57939.34962881636,0.0,7682.362588589015
5647,0.0,0.0,6624.941706261412
5648,0.0,0.0,4679.240311590991
5649,0.0,0.0,2563.034791194138
5650,0.0,0.0,309.73875854492417
5651,0.0,0.0,309.73875854492417
5652,58411.19218256434,0.0,309.73875854492417
5653,0.0,0.0,2405.3040689086934
5654,0.0,0.0,4500.869379272463
5655,0.0,0.0,6596.434689636231
5656,0.0,0.0,8692.0
5657,0.0,0.0,8692.0
5658,58883.03473631232,0.0,8184.203300545078
5659,0.0,0.0,5930.907267895864
5660,0.0,0.0,3677.61123524665
5661,0.0,0.0,1424.315202597436
5662,0.0,0.0,0.0
5663,0.0,0.0,0.0
5664,59354.87729006029,0.0,0.0
5665,0.0,0.0,0.0
5666,0.0,0.0,0.0
5667,0.0,0.0,1709.9835281699695
5668,0.0,0.0,2253.296032649214
5669,0.0,0.0,2253.296032649214
5670,59826.71984380827,0.0,2253.296032649214
5671,0.0,0.0,2253.296032649214
5672,0.0,0.0,0.0
5673,0.0,0.0,0.0
5674,0.0,0.0,0.0
5675,0.0,0.0,0.0
5676,60298.56239755625,0.0,89.57956438063357
5677,0.0,0.0,1429.4504793609776
5678,0.0,0.0,3525.015789724747
5679,0.0,0.0,5620.581100088516
5680,0.0,0.0,7716.146410452286
5681,0.0,0.0,8692.0
5682,60770.40495130423,0.0,6438.703967350786
5683,0.0,0.0,6145.214950903644
5684,0.0,0.0,3891.9189182544296
5685,0.0,0.0,3891.9189182544296
5686,0.0,0.0,3891.9189182544296
5687,0.0,0.0,1785.385475767246
5688,61242.24750505221,0.0,1785.385475767246
5689,0.0,0.0,1785.385475767246
5690,0.0,0.0,1785.385475767246
5691,0.0,0.0,1785.385475767246
5692,0.0,0.0,1642.4580652832028
5693,0.0,0.0,1642.4580652832028
5694,61714.09005880018,0.0,1642.4580652832028
5695,0.0,0.0,1642.4580652832028
5696,0.0,0.0,0.0
5697,0.0,0.0,0.0
5698,0.0,0.0,0.0
5699,0.0,0.0,0.0
5700,62185.93261254816,0.0,509.06110406867305
5701,0.0,0.0,2604.6264144324423
5702,0.0,0.0,4700.191724796212
5703,0.0,0.0,6795.757035159981
5704,0.0,0.0,7518.106947608882
5705,0.0,0.0,8692.0
5706,62657.77516629614,0.0,8692.0
5707,0.0,0.0,8602.279856544601
5708,0.0,0.0,8370.093307849504
5709,0.0,0.0,8370.093307849504
5710,0.0,0.0,8370.093307849504
5711,0.0,0.0,8370.093307849504
5712,63129.61772004412,0.0,8370.093307849504
5713,0.0,0.0,8370.093307849504
5714,0.0,0.0,8370.093307849504
5715,0.0,0.0,8370.093307849504
5716,0.0,0.0,8370.093307849504
5717,0.0,0.0,8370.093307849504
5718,63601.460273792094,0.0,8370.093307849504
5719,0.0,0.0,8370.093307849504
5720,0.0,0.0,6152.738668724993
5721,0.0,0.0,6152.738668724993
5722,0.0,0.0,6152.738668724993
5723,0.0,0.0,6152.738668724993
5724,64073.30282754007,0.0,6152.738668724993
5725,0.0,0.0,6152.738668724993
5726,0.0,0.0,6596.434689636231
5727,0.0,0.0,8692.0
5728,0.0,0.0,8692.0
5729,0.0,0.0,8692.0
5730,64545.14538128805,0.0,8692.0
5731,0.0,0.0,8692.0
5732,0.0,0.0,8692.0
5733,0.0,0.0,6438.703967350786
5734,0.0,0.0,6438.703967350786
5735,0.0,0.0,4185.407934701572
5736,65016.98793503603,0.0,4185.407934701572
5737,0.0,0.0,4185.407934701572
5738,0.0,0.0,4185.407934701572
5739,0.0,0.0,2561.651138793078
5740,0.0,0.0,2561.651138793078
5741,0.0,0.0,2561.651138793078
5742,65488.830488784006,0.0,2253.296032649214
5743,0.0,0.0,2253.296032649214
5744,0.0,0.0,2253.296032649214
5745,0.0,0.0,0.0
5746,0.0,0.0,0.0
5747,0.0,0.0,0.0
5748,65960.67304253198,0.0,0.0
5749,0.0,0.0,0.0
5750,0.0,0.0,2095.565310363769
5751,0.0,0.0,3447.941368036096
5752,0.0,0.0,4506.592065298428
5753,0.0,0.0,4506.592065298428
5754,66432.51559627996,0.0,4506.592065298428
5755,0.0,0.0,4506.592065298428
5756,0.0,0.0,2253.296032649214
5757,0.0,0.0,2253.296032649214
5758,0.0,0.0,0.0
5759,0.0,0.0,0.0
5760,66904.35815002794,0.0,0.0
5761,0.0,0.0,0.0
5762,0.0,0.0,0.0
5763,0.0,0.0,0.0
5764,0.0,0.0,0.0
5765,0.0,0.0,0.0
5766,67376.20070377592,0.0,0.0
5767,0.0,0.0,0.0
5768,0.0,0.0,0.0
5769,0.0,0.0,0.0
5770,0.0,0.0,1746.6928104296262
5771,0.0,0.0,2405.3040689086934
5772,67848.0432575239,0.0,4500.869379272463
5773,0.0,0.0,4500.869379272463
5774,0.0,0.0,6596.434689636231
5775,0.0,0.0,6596.434689636231
5776,0.0,0.0,8692.0
5777,0.0,0.0,8692.0
5778,68319.88581127187,0.0,8692.0
5779,0.0,0.0,7369.019222775995
5780,0.0,0.0,5115.723190126781
5781,0.0,0.0,2862.427157477568
5782,0.0,0.0,2534.788944105946
5783,0.0,0.0,2534.788944105946
5784,67668.36931998865,0.0,2534.788944105946
5785,0.0,0.0,2534.788944105946
5786,0.0,0.0,2253.296032649214
5787,0.0,0.0,0.0
5788,0.0,0.0,0.0
5789,0.0,0.0,0.0
5790,67016.85282870542,0.0,0.0
5791,0.0,0.0,0.0
5792,0.0,0.0,0.0
5793,0.0,0.0,0.0
5794,0.0,0.0,552.7419106996921
5795,0.0,0.0,2648.3072210634614
5796,66365.3363374222,0.0,4743.872531427231
5797,0.0,0.0,6839.437841790999
5798,0.0,0.0,6839.437841790999
5799,0.0,0.0,8692.0
5800,0.0,0.0,8692.0
5801,0.0,0.0,8692.0
5802,65713.81984613897,0.0,7822.611368725369
5803,0.0,0.0,7694.617831275718
5804,0.0,0.0,6410.986271932492
5805,0.0,0.0,5934.584644153029
5806,0.0,0.0,5934.584644153029
5807,0.0,0.0,5934.584644153029
5808,65062.30335485574,0.0,5934.584644153029
5809,0.0,0.0,5934.584644153029
5810,0.0,0.0,5934.584644153029
5811,0.0,0.0,5934.584644153029
5812,0.0,0.0,5934.584644153029
5813,0.0,0.0,5934.584644153029
5814,64410.78686357252,0.0,5934.584644153029
5815,0.0,0.0,4165.650529153631
5816,0.0,0.0,1912.354496504416
5817,0.0,0.0,0.0
5818,0.0,0.0,0.0
5819,0.0,0.0,0.0
5820,63759.27037228929,0.0,0.0
5821,0.0,0.0,2095.565310363769
5822,0.0,0.0,2095.565310363769
5823,0.0,0.0,2095.565310363769
5824,0.0,0.0,2095.565310363769
5825,0.0,0.0,283.9814329240276
5826,63107.75388100607,0.0,0.0
5827,0.0,0.0,0.0
5828,0.0,0.0,0.0
5829,0.0,0.0,0.0
5830,0.0,0.0,0.0
5831,0.0,0.0,0.0
5832,62456.23738972284,0.0,0.0
5833,0.0,0.0,0.0
5834,0.0,0.0,0.0
5835,0.0,0.0,0.0
5836,0.0,0.0,0.0
5837,0.0,0.0,0.0
5838,62456.23738972284,0.0,0.0
5839,0.0,0.0,0.0
5840,0.0,0.0,0.0
5841,0.0,0.0,0.0
5842,0.0,0.0,0.0
5843,0.0,0.0,0.0
5844,62928.07994347082,0.0,0.0
5845,0.0,0.0,0.0
5846,0.0,0.0,2095.565310363769
5847,0.0,0.0,2559.411286697956
5848,0.0,0.0,4654.9765970617245
5849,0.0,0.0,4654.9765970617245
5850,63399.9224972188,0.0,4654.9765970617245
5851,0.0,0.0,2401.680564412511
5852,0.0,0.0,148.38453176329728
5853,0.0,0.0,148.38453176329728
5854,0.0,0.0,0.0
5855,0.0,0.0,0.0
5856,63399.9224972188,0.0,0.0
5857,0.0,0.0,0.0
5858,0.0,0.0,0.0
5859,0.0,0.0,0.0
5860,0.0,0.0,0.0
5861,0.0,0.0,0.0
5862,63871.76505096677,0.0,0.0
5863,0.0,0.0,0.0
5864,0.0,0.0,0.0
5865,0.0,0.0,0.0
5866,0.0,0.0,0.0
5867,0.0,0.0,0.0
5868,64343.60760471475,0.0,2095.565310363769
5869,0.0,0.0,4191.130620727538
5870,0.0,0.0,6286.695931091308
5871,0.0,0.0,8382.261241455077
5872,0.0,0.0,8382.261241455077
5873,0.0,0.0,8382.261241455077
5874,64815.45015846273,0.0,6128.965208805863
5875,0.0,0.0,3875.669176156649
5876,0.0,0.0,1622.373143507435
5877,0.0,0.0,0.0
5878,0.0,0.0,0.0
5879,0.0,0.0,0.0
5880,65287.29271221071,0.0,0.0
5881,0.0,0.0,0.0
5882,0.0,0.0,0.0
5883,0.0,0.0,0.0
5884,0.0,0.0,0.0
5885,0.0,0.0,0.0
5886,65759.13526595868,0.0,0.0
5887,0.0,0.0,0.0
5888,0.0,0.0,0.0
5889,0.0,0.0,0.0
5890,0.0,0.0,0.0
5891,0.0,0.0,2095.565310363769
5892,66230.97781970666,0.0,4191.130620727538
5893,0.0,0.0,6193.105418879689
5894,0.0,0.0,6596.434689636231
5895,0.0,0.0,8692.0
5896,0.0,0.0,8692.0
5897,0.0,0.0,8692.0
5898,66702.82037345464,0.0,6438.703967350786
5899,0.0,0.0,4506.592065298428
5900,0.0,0.0,2253.296032649214
5901,0.0,0.0,0.0
5902,0.0,0.0,0.0
5903,0.0,0.0,0.0
5904,66051.30388217141,0.0,0.0
5905,0.0,0.0,0.0
5906,0.0,0.0,0.0
5907,0.0,0.0,0.0
5908,0.0,0.0,0.0
5909,0.0,0.0,0.0
5910,65399.78739088819,0.0,0.0
5911,0.0,0.0,0.0
5912,0.0,0.0,0.0
5913,0.0,0.0,0.0
5914,0.0,0.0,0.0
5915,0.0,0.0,0.0
5916,64748.27089960496,0.0,0.0
5917,0.0,0.0,2095.565310363769
5918,0.0,0.0,4191.130620727538
5919,0.0,0.0,6286.695931091308
5920,0.0,0.0,8382.261241455077
5921,0.0,0.0,8656.15176510698
5922,64748.27089960496,0.0,6402.855732457767
5923,0.0,0.0,4683.358102255761
5924,0.0,0.0,2885.9318621480115
5925,0.0,0.0,2128.1132351258752
5926,0.0,0.0,267.82875654476675
5927,0.0,0.0,0.0
5928,64096.754408321736,0.0,0.0
5929,0.0,0.0,0.0
5930,0.0,0.0,0.0
5931,0.0,0.0,0.0
5932,0.0,0.0,0.0
5933,0.0,0.0,0.0
5934,64568.596962069714,0.0,0.0
5935,0.0,0.0,0.0
5936,0.0,0.0,0.0
5937,0.0,0.0,0.0
5938,0.0,0.0,0.0
5939,0.0,0.0,0.0
5940,65040.43951581769,0.0,0.0
5941,0.0,0.0,0.0
5942,0.0,0.0,0.0
5943,0.0,0.0,0.0
5944,0.0,0.0,0.0
5945,0.0,0.0,0.0
5946,65512.28206956567,0.0,0.0
5947,0.0,0.0,468.095363979266
5948,0.0,0.0,468.095363979266
5949,0.0,0.0,468.095363979266
5950,0.0,0.0,0.0
5951,0.0,0.0,0.0
5952,65984.12462331365,0.0,0.0
5953,0.0,0.0,0.0
5954,0.0,0.0,0.0
5955,0.0,0.0,0.0
5956,0.0,0.0,0.0
5957,0.0,0.0,0.0
5958,66455.96717706163,0.0,0.0
5959,0.0,0.0,0.0
5960,0.0,0.0,0.0
5961,0.0,0.0,2095.565310363769
5962,0.0,0.0,2095.565310363769
5963,0.0,0.0,4191.130620727538
5964,66927.8097308096,0.0,6286.695931091308
5965,0.0,47.11178196587346,6596.434689636231
5966,0.0,94.22356393174692,8692.0
5967,0.0,141.3353458976204,8692.0
5968,0.0,188.44712786349385,8692.0
5969,0.0,235.5589098293673,8692.0
5970,67399.65228455758,272.0,8692.0
5971,0.0,272.0,8692.0
5972,0.0,272.0,8692.0
5973,0.0,272.0,8692.0
5974,0.0,272.0,8692.0
5975,0.0,272.0,8692.0
5976,67871.49483830556,272.0,8692.0
5977,0.0,272.0,8692.0
5978,0.0,272.0,8692.0
5979,0.0,272.0,8692.0
5980,0.0,272.0,8692.0
5981,0.0,272.0,8692.0
5982,68343.33739205354,272.0,8692.0
5983,0.0,272.0,6438.703967350786
5984,0.0,272.0,4185.407934701572
5985,0.0,272.0,4185.407934701572
5986,0.0,272.0,4341.9716212929
5987,0.0,272.0,4500.869379272463
5988,68815.17994580152,272.0,4500.869379272463
5989,0.0,272.0,6596.434689636231
5990,0.0,272.0,8692.0
5991,0.0,272.0,8692.0
5992,0.0,272.0,8692.0
5993,0.0,272.0,8692.0
5994,69287.0224995495,272.0,8692.0
5995,0.0,272.0,8692.0
5996,0.0,272.0,8692.0
5997,0.0,272.0,8692.0
5998,0.0,272.0,8692.0
5999,0.0,272.0,8692.0
6000,69758.86505329747,272.0,8692.0
6001,0.0,272.0,8692.0
6002,0.0,272.0,8692.0
6003,0.0,272.0,8692.0
6004,0.0,272.0,8692.0
6005,0.0,272.0,8692.0
6006,70230.70760704545,272.0,8692.0
6007,0.0,272.0,8692.0
6008,0.0,272.0,8692.0
6009,0.0,272.0,8692.0
6010,0.0,272.0,8692.0
6011,0.0,272.0,8692.0
6012,70364.03457668424,272.0,8692.0
6013,0.0,272.0,8692.0
6014,0.0,272.0,8692.0
6015,0.0,272.0,8692.0
6016,0.0,272.0,8692.0
6017,0.0,247.4626135594409,7947.003575757085
6018,69712.51808540101,222.92522711888185,5693.707543107871
6019,0.0,198.38784067832276,3440.411510458657
6020,0.0,173.85045423776364,2065.661317934118
6021,0.0,149.31306779720455,350.5302981484636
6022,0.0,124.77568135664546,0.0
6023,0.0,100.23829491608636,0.0
6024,69061.00159411778,100.23829491608636,250.2100372583777
6025,0.0,100.23829491608636,1317.7458285157013
6026,0.0,100.23829491608636,2639.9456809588846
6027,0.0,100.23829491608636,3502.496557550746
6028,0.0,100.23829491608636,4114.770404621745
6029,0.0,100.23829491608636,4612.878178560646
6030,68409.48510283456,75.70090847552729,4491.7121514732535
6031,0.0,51.1635220349682,4134.525305625221
6032,0.0,26.626135594409103,1881.2292729760077
6033,0.0,2.08874915385001,0.0
6034,0.0,2.08874915385001,0.0
6035,0.0,2.08874915385001,2095.565310363769
6036,67757.96861155133,2.08874915385001,2095.565310363769
6037,0.0,2.08874915385001,4191.130620727538
6038,0.0,2.08874915385001,4191.130620727538
6039,0.0,2.08874915385001,4191.130620727538
6040,0.0,2.08874915385001,4191.130620727538
6041,0.0,2.08874915385001,4191.130620727538
6042,67106.4521202681,2.08874915385001,4191.130620727538
6043,0.0,2.08874915385001,1937.8345880783245
6044,0.0,2.08874915385001,1937.8345880783245
6045,0.0,2.08874915385001,1937.8345880783245
6046,0.0,2.08874915385001,1937.8345880783245
6047,0.0,2.08874915385001,1937.8345880783245
6048,66454.93562898488,2.08874915385001,1937.8345880783245
6049,0.0,2.08874915385001,1937.8345880783245
6050,0.0,2.08874915385001,1937.8345880783245
6051,0.0,2.08874915385001,1937.8345880783245
6052,0.0,2.08874915385001,1937.8345880783245
6053,0.0,2.08874915385001,1937.8345880783245
6054,65803.41913770165,2.08874915385001,1937.8345880783245
6055,0.0,2.08874915385001,1937.8345880783245
6056,0.0,2.08874915385001,0.0
6057,0.0,2.08874915385001,0.0
6058,0.0,2.08874915385001,0.0
6059,0.0,2.08874915385001,163.00449826523368
6060,65151.90264641843,2.08874915385001,163.00449826523368
6061,0.0,2.08874915385001,1320.3846249450414
6062,0.0,2.08874915385001,2411.0267549346586
6063,0.0,2.08874915385001,2411.0267549346586
6064,0.0,2.08874915385001,4506.592065298428
6065,0.0,2.08874915385001,4506.592065298428
6066,64500.3861551352,2.08874915385001,2253.296032649214
6067,0.0,2.08874915385001,0.0
6068,0.0,2.08874915385001,0.0
6069,0.0,2.08874915385001,0.0
6070,0.0,2.08874915385001,0.0
6071,0.0,2.08874915385001,0.0
6072,63848.869663851976,2.08874915385001,0.0
6073,0.0,2.08874915385001,0.0
6074,0.0,2.08874915385001,0.0
6075,0.0,2.08874915385001,0.0
6076,0.0,2.08874915385001,0.0
6077,0.0,2.08874915385001,0.0
6078,63197.35317256875,2.08874915385001,0.0
6079,0.0,2.08874915385001,0.0
6080,0.0,2.08874915385001,0.0
6081,0.0,2.08874915385001,0.0
6082,0.0,2.08874915385001,0.0
6083,0.0,2.08874915385001,2095.565310363769
6084,63669.19572631673,2.08874915385001,4191.130620727538
6085,0.0,2.08874915385001,6286.695931091308
6086,0.0,2.08874915385001,8382.261241455077
6087,0.0,2.08874915385001,8692.0
6088,0.0,2.08874915385001,8692.0
6089,0.0,2.08874915385001,6438.703967350786
6090,64141.03828006471,2.08874915385001,5512.947124859542
6091,0.0,2.08874915385001,3259.651092210328
6092,0.0,2.08874915385001,1696.1708652062032
6093,0.0,2.08874915385001,0.0
6094,0.0,2.08874915385001,0.0
6095,0.0,2.08874915385001,0.0
6096,64612.88083381269,2.08874915385001,0.0
6097,0.0,2.08874915385001,0.0
6098,0.0,2.08874915385001,0.0
6099,0.0,2.08874915385001,0.0
6100,0.0,2.08874915385001,0.0
6101,0.0,2.08874915385001,0.0
6102,65084.72338756066,2.08874915385001,0.0
6103,0.0,2.08874915385001,0.0
6104,0.0,2.08874915385001,0.0
6105,0.0,2.08874915385001,0.0
6106,0.0,2.08874915385001,983.0900035128255
6107,0.0,2.08874915385001,3078.655313876595
6108,65556.56594130864,2.08874915385001,3078.655313876595
6109,0.0,2.08874915385001,4500.869379272463
6110,0.0,2.08874915385001,6596.434689636231
6111,0.0,24.537386440559093,6596.434689636231
6112,0.0,24.537386440559093,8692.0
6113,0.0,24.537386440559093,8692.0
6114,66028.40849505662,24.537386440559093,8692.0
6115,0.0,24.537386440559093,8683.283968428736
6116,0.0,24.537386440559093,8683.283968428736
6117,0.0,24.537386440559093,8683.283968428736
6118,0.0,24.537386440559093,8683.283968428736
6119,0.0,24.537386440559093,8683.283968428736
6120,66500.2510488046,24.537386440559093,8692.0
6121,0.0,24.537386440559093,8692.0
6122,0.0,24.537386440559093,8692.0
6123,0.0,24.537386440559093,7529.367184887265
6124,0.0,24.537386440559093,7354.650361746414
6125,0.0,24.537386440559093,6957.781148629245
6126,66972.09360255257,24.537386440559093,6467.041509968667
6127,0.0,0.0,4213.745477319453
6128,0.0,0.0,2681.408794449148
6129,0.0,0.0,2681.408794449148
6130,0.0,0.0,2681.408794449148
6131,0.0,0.0,2681.408794449148
6132,67443.93615630055,0.0,3348.905758360746
6133,0.0,0.0,4593.2095956729445
6134,0.0,0.0,5381.4718480206575
6135,0.0,0.0,5381.4718480206575
6136,0.0,0.0,5381.4718480206575
6137,0.0,0.0,4737.5240142037455
6138,67915.77871004853,0.0,2487.821332504087
6139,0.0,0.0,527.9047564074838
6140,0.0,0.0,0.0
6141,0.0,0.0,0.0
6142,0.0,0.0,0.0
6143,0.0,0.0,0.0
6144,68387.6212637965,0.0,479.781297053847
6145,0.0,0.0,2575.3466074176163
6146,0.0,0.0,2575.3466074176163
6147,0.0,0.0,2575.3466074176163
6148,0.0,0.0,2575.3466074176163
6149,0.0,0.0,4670.9119177813855
6150,68859.46381754449,0.0,6766.477228145155
6151,0.0,0.0,6766.477228145155
6152,0.0,0.0,5937.767795986136
6153,0.0,0.0,4200.786968774515
6154,0.0,0.0,3096.283911637134
6155,0.0,0.0,3096.283911637134
6156,69331.30637129246,0.0,5191.849222000903
6157,0.0,0.0,5191.849222000903
6158,0.0,0.0,5191.849222000903
6159,0.0,0.0,5191.849222000903
6160,0.0,0.0,7287.414532364672
6161,0.0,0.0,8692.0
6162,69803.14892504044,0.0,8692.0
6163,0.0,0.0,6438.703967350786
6164,0.0,0.0,4185.407934701572
6165,0.0,0.0,1932.1119020523583
6166,0.0,0.0,0.0
6167,0.0,0.0,0.0
6168,70274.99147878842,0.0,0.0
6169,0.0,0.0,2095.565310363769
6170,0.0,0.0,2095.565310363769
6171,0.0,0.0,2095.565310363769
6172,0.0,0.0,2095.565310363769
6173,0.0,0.0,2095.565310363769
6174,70746.8340325364,0.0,2095.565310363769
6175,0.0,0.0,2095.565310363769
6176,0.0,0.0,1106.5793067460536
6177,0.0,0.0,1106.5793067460536
6178,0.0,0.0,1106.5793067460536
6179,0.0,0.0,1106.5793067460536
6180,71218.67658628437,0.0,3202.144617109823
6181,0.0,0.0,5297.709927473592
6182,0.0,0.0,7393.275237837361
6183,0.0,0.0,8692.0
6184,0.0,0.0,8692.0
6185,0.0,0.0,8692.0
6186,71690.51914003235,0.0,8692.0
6187,0.0,0.0,8692.0
6188,0.0,0.0,8692.0
6189,0.0,0.0,8692.0
6190,0.0,0.0,8692.0
6191,0.0,0.0,8692.0
6192,72162.36169378033,0.0,8692.0
6193,0.0,0.0,8692.0
6194,0.0,0.0,8692.0
6195,0.0,0.0,8692.0
6196,0.0,0.0,8692.0
6197,0.0,0.0,8692.0
6198,72634.20424752831,0.0,8692.0
6199,0.0,0.0,7729.992136523641
6200,0.0,0.0,5476.696103874428
6201,0.0,0.0,3223.4000712252137
6202,0.0,0.0,970.1040385759998
6203,0.0,0.0,165.334665925953
6204,73106.04680127629,0.0,1771.9227537774775
6205,0.0,0.0,3867.488064141247
6206,0.0,0.0,5301.278055997469
6207,0.0,0.0,4755.577813519524
6208,0.0,0.0,2676.982449184584
6209,0.0,0.0,2253.296032649214
6210,73577.88935502426,0.0,0.0
6211,0.0,0.0,0.0
6212,0.0,0.0,0.0
6213,0.0,0.0,0.0
6214,0.0,0.0,0.0
6215,0.0,0.0,0.0
6216,74049.73190877224,0.0,0.0
6217,0.0,0.0,0.0
6218,0.0,0.0,1672.509443576402
6219,0.0,0.0,1672.509443576402
6220,0.0,0.0,3768.074753940171
6221,0.0,0.0,5863.64006430394
6222,74521.57446252022,0.0,7959.205374667708
6223,0.0,0.0,7959.205374667708
6224,0.0,0.0,7959.205374667708
6225,0.0,0.0,7959.205374667708
6226,0.0,0.0,7959.205374667708
6227,0.0,0.0,7959.205374667708
6228,74993.4170162682,0.0,8692.0
6229,0.0,0.0,8692.0
6230,0.0,36.44109017063269,8692.0
6231,0.0,36.44109017063269,8692.0
6232,0.0,36.44109017063269,8692.0
6233,0.0,83.55287213650615,8692.0
6234,75465.25957001618,83.55287213650615,8692.0
6235,0.0,83.55287213650615,8692.0
6236,0.0,83.55287213650615,8692.0
6237,0.0,83.55287213650615,6438.703967350786
6238,0.0,83.55287213650615,6130.429069287375
6239,0.0,83.55287213650615,6130.429069287375
6240,75937.10212376415,130.6646541023796,6596.434689636231
6241,0.0,130.6646541023796,6596.434689636231
6242,0.0,177.77643606825308,8692.0
6243,0.0,224.8882180341265,8692.0
6244,0.0,272.0,8692.0
6245,0.0,272.0,8692.0
6246,76408.94467751213,272.0,6438.703967350786
6247,0.0,272.0,5360.67530111508
6248,0.0,272.0,3107.3792684658656
6249,0.0,272.0,944.3261006593756
6250,0.0,272.0,944.3261006593756
6251,0.0,272.0,3039.891411023145
6252,76880.78723126011,272.0,5135.456721386914
6253,0.0,272.0,5135.456721386914
6254,0.0,272.0,7231.022031750683
6255,0.0,272.0,8692.0
6256,0.0,272.0,8692.0
6257,0.0,272.0,8692.0
6258,77352.62978500809,272.0,7253.216232643323
6259,0.0,272.0,4999.920199994109
6260,0.0,272.0,3007.0160790902773
6261,0.0,272.0,1387.869662479056
6262,0.0,272.0,14.178279740926378
6263,0.0,272.0,0.0
6264,77824.47233875607,272.0,0.0
6265,0.0,272.0,0.0
6266,0.0,272.0,0.0
6267,0.0,272.0,2083.3708184031143
6268,0.0,272.0,2253.296032649214
6269,0.0,272.0,2253.296032649214
6270,78296.31489250404,272.0,2253.296032649214
6271,0.0,272.0,0.0
6272,0.0,272.0,0.0
6273,0.0,272.0,0.0
6274,0.0,272.0,0.0
6275,0.0,272.0,0.0
6276,78768.15744625202,272.0,0.0
6277,0.0,272.0,0.0
6278,0.0,272.0,2039.250788787859
6279,0.0,272.0,2360.3290769512914
6280,0.0,272.0,2411.0267549346586
6281,0.0,272.0,4506.592065298428
6282,79240.0,272.0,2253.296032649214
6283,0.0,272.0,2253.296032649214
6284,0.0,272.0,2253.296032649214
6285,0.0,272.0,2253.296032649214
6286,0.0,272.0,0.0
6287,0.0,272.0,0.0
6288,78588.48350871677,272.0,0.0
6289,0.0,272.0,0.0
6290,0.0,272.0,0.0
6291,0.0,272.0,0.0
6292,0.0,272.0,0.0
6293,0.0,272.0,0.0
6294,77936.96701743355,272.0,0.0
6295,0.0,272.0,0.0
6296,0.0,272.0,0.0
6297,0.0,272.0,0.0
6298,0.0,272.0,158.9962623818201
6299,0.0,272.0,158.9962623818201
6300,77285.45052615032,272.0,2254.5615727455893
6301,0.0,272.0,4350.126883109359
6302,0.0,272.0,6445.692193473127
6303,0.0,272.0,8541.257503836896
6304,0.0,272.0,8692.0
6305,0.0,272.0,8692.0
6306,76633.9340348671,272.0,7201.35170718231
6307,0.0,272.0,5739.76535139135
6308,0.0,272.0,3486.469318742136
6309,0.0,272.0,1233.173286092922
6310,0.0,272.0,0.0
6311,0.0,272.0,0.0
6312,75982.41754358387,272.0,0.0
6313,0.0,272.0,0.0
6314,0.0,272.0,0.0
6315,0.0,272.0,728.798527960845
6316,0.0,272.0,970.3239924780256
6317,0.0,272.0,2952.9448626964936
6318,75330.90105230064,272.0,2952.9448626964936
6319,0.0,272.0,2264.1453800213703
6320,0.0,272.0,365.774949850588
6321,0.0,272.0,0.0
6322,0.0,272.0,0.0
6323,0.0,272.0,0.0
6324,74679.38456101742,272.0,0.0
6325,0.0,272.0,2095.565310363769
6326,0.0,272.0,2095.565310363769
6327,0.0,272.0,4191.130620727538
6328,0.0,272.0,4191.130620727538
6329,0.0,272.0,6286.695931091308
6330,74027.86806973419,272.0,6286.695931091308
6331,0.0,272.0,6286.695931091308
6332,0.0,272.0,6286.695931091308
6333,0.0,272.0,4033.399898442094
6334,0.0,272.0,1780.1038657928802
6335,0.0,272.0,0.0
6336,73376.35157845097,272.0,0.0
6337,0.0,272.0,309.73875854492417
6338,0.0,272.0,309.73875854492417
6339,0.0,272.0,2405.3040689086934
6340,0.0,272.0,4500.869379272463
6341,0.0,272.0,6596.434689636231
6342,72724.83508716774,272.0,8692.0
6343,0.0,272.0,6438.703967350786
6344,0.0,272.0,4185.407934701572
6345,0.0,272.0,1995.3419655891155
6346,0.0,272.0,1172.7234875205477
6347,0.0,272.0,1172.7234875205477
6348,72073.31859588451,272.0,3268.288797884317
6349,0.0,272.0,5363.854108248086
6350,0.0,272.0,7459.419418611855
6351,0.0,272.0,8692.0
6352,0.0,272.0,8692.0
6353,0.0,247.4626135594409,8692.0
6354,71421.80210460129,222.92522711888185,6438.703967350786
6355,0.0,198.38784067832276,4185.407934701572
6356,0.0,173.85045423776364,1932.1119020523583
6357,0.0,149.31306779720455,634.3102879566352
6358,0.0,124.77568135664546,0.0
6359,0.0,100.23829491608636,0.0
6360,70770.28561331806,100.23829491608636,0.0
6361,0.0,100.23829491608636,0.0
6362,0.0,100.23829491608636,262.7964892592699
6363,0.0,100.23829491608636,1132.224506562789
6364,0.0,100.23829491608636,1444.0347211473843
6365,0.0,100.23829491608636,1444.0347211473843
6366,70118.76912203484,100.23829491608636,2124.9613271878925
6367,0.0,100.23829491608636,2124.9613271878925
6368,0.0,75.70090847552729,465.62185716520463
6369,0.0,51.1635220349682,0.0
6370,0.0,51.1635220349682,0.0
6371,0.0,51.1635220349682,1703.7134872760691
6372,69467.25263075161,51.1635220349682,1703.7134872760691
6373,0.0,51.1635220349682,3799.278797639839
6374,0.0,51.1635220349682,5894.844108003608
6375,0.0,51.1635220349682,6596.434689636231
6376,0.0,51.1635220349682,8692.0
6377,0.0,51.1635220349682,8692.0
6378,68815.73613946838,51.1635220349682,6653.048196254765
6379,0.0,51.1635220349682,4399.752163605551
6380,0.0,51.1635220349682,2146.456130956337
6381,0.0,51.1635220349682,44.61531431640447
6382,0.0,51.1635220349682,0.0
6383,0.0,51.1635220349682,0.0
6384,68164.21964818516,51.1635220349682,0.0
6385,0.0,51.1635220349682,0.0
6386,0.0,51.1635220349682,0.0
6387,0.0,51.1635220349682,0.0
6388,0.0,51.1635220349682,0.0
6389,0.0,51.1635220349682,0.0
6390,67512.70315690193,51.1635220349682,2095.565310363769
6391,0.0,51.1635220349682,0.0
6392,0.0,51.1635220349682,0.0
6393,0.0,51.1635220349682,0.0
6394,0.0,51.1635220349682,2095.565310363769
6395,0.0,51.1635220349682,4191.130620727538
6396,68132.35470902281,51.1635220349682,6286.695931091308
6397,0.0,51.1635220349682,6286.695931091308
6398,0.0,51.1635220349682,6596.434689636231
6399,0.0,51.1635220349682,8692.0
6400,0.0,51.1635220349682,8692.0
6401,0.0,51.1635220349682,8692.0
6402,68752.00626114369,51.1635220349682,6754.165411921676
6403,0.0,51.1635220349682,4500.869379272463
6404,0.0,51.1635220349682,4500.869379272463
6405,0.0,51.1635220349682,4500.869379272463
6406,0.0,51.1635220349682,4500.869379272463
6407,0.0,51.1635220349682,4500.869379272463
6408,69371.65781326457,51.1635220349682,4500.869379272463
6409,0.0,51.1635220349682,4500.869379272463
6410,0.0,51.1635220349682,4500.869379272463
6411,0.0,51.1635220349682,4500.869379272463
6412,0.0,51.1635220349682,4500.869379272463
6413,0.0,51.1635220349682,4500.869379272463
6414,69991.30936538544,51.1635220349682,4500.869379272463
6415,0.0,51.1635220349682,4500.869379272463
6416,0.0,51.1635220349682,4500.869379272463
6417,0.0,51.1635220349682,4500.869379272463
6418,0.0,51.1635220349682,4500.869379272463
6419,0.0,51.1635220349682,4500.869379272463
6420,70610.96091750632,51.1635220349682,6596.434689636231
6421,0.0,51.1635220349682,6596.434689636231
6422,0.0,51.1635220349682,8692.0
6423,0.0,51.1635220349682,8692.0
6424,0.0,51.1635220349682,8692.0
6425,0.0,51.1635220349682,8692.0
6426,71230.6124696272,51.1635220349682,7235.55581652107
6427,0.0,51.1635220349682,4982.259783871856
6428,0.0,51.1635220349682,2728.963751222642
6429,0.0,51.1635220349682,2125.979069987065
6430,0.0,51.1635220349682,1912.6114155608643
6431,0.0,51.1635220349682,676.638747355159
6432,71850.26402174808,51.1635220349682,676.638747355159
6433,0.0,51.1635220349682,769.2524922159511
6434,0.0,51.1635220349682,1158.4878798066163
6435,0.0,51.1635220349682,1732.9345536177889
6436,0.0,51.1635220349682,2207.5924779605293
6437,0.0,51.1635220349682,2469.199482415472
6438,72469.91557386896,51.1635220349682,2469.199482415472
6439,0.0,51.1635220349682,2021.7374869673567
6440,0.0,51.1635220349682,0.0
6441,0.0,51.1635220349682,0.0
6442,0.0,51.1635220349682,0.0
6443,0.0,51.1635220349682,960.1109503786132
6444,73089.56712598984,51.1635220349682,2648.285543208481
6445,0.0,51.1635220349682,4606.644661538013
6446,0.0,51.1635220349682,6702.209971901782
6447,0.0,51.1635220349682,8665.812534663513
6448,0.0,51.1635220349682,8665.812534663513
6449,0.0,51.1635220349682,8692.0
6450,73709.21867811072,51.1635220349682,6438.703967350786
6451,0.0,51.1635220349682,4185.407934701572
6452,0.0,51.1635220349682,1932.1119020523583
6453,0.0,51.1635220349682,0.0
6454,0.0,51.1635220349682,0.0
6455,0.0,51.1635220349682,0.0
6456,74328.8702302316,51.1635220349682,0.0
6457,0.0,51.1635220349682,292.55837245637554
6458,0.0,51.1635220349682,727.7463594267181
6459,0.0,51.1635220349682,1182.6152840515651
6460,0.0,51.1635220349682,1550.6327481351657
6461,0.0,51.1635220349682,1994.922587379193
6462,74948.52178235247,51.1635220349682,2313.476067943602
6463,0.0,51.1635220349682,488.6441044962012
6464,0.0,51.1635220349682,0.0
6465,0.0,51.1635220349682,0.0
6466,0.0,51.1635220349682,0.0
6467,0.0,51.1635220349682,2095.565310363769
6468,75568.17333447335,51.1635220349682,4191.130620727538
6469,0.0,51.1635220349682,6286.695931091308
6470,0.0,51.1635220349682,7484.504868748445
6471,0.0,51.1635220349682,8692.0
6472,0.0,51.1635220349682,8692.0
6473,0.0,51.1635220349682,7428.910033345823
6474,76187.82488659423,51.1635220349682,5175.614000696609
6475,0.0,51.1635220349682,2922.317968047395
6476,0.0,51.1635220349682,1244.3860989309587
6477,0.0,51.1635220349682,933.6780327828304
6478,0.0,51.1635220349682,933.6780327828304
6479,0.0,51.1635220349682,933.6780327828304
6480,76807.47643871511,51.1635220349682,2070.384295021366
6481,0.0,51.1635220349682,3719.528354213053
6482,0.0,51.1635220349682,5343.178370383341
6483,0.0,51.1635220349682,6817.536798502914
6484,0.0,51.1635220349682,7993.359866381137
6485,0.0,51.1635220349682,8675.41218183337
6486,76155.95994743188,51.1635220349682,8692.0
6487,0.0,51.1635220349682,7562.763117556469
6488,0.0,51.1635220349682,5309.467084907255
6489,0.0,51.1635220349682,3056.171052258041
6490,0.0,51.1635220349682,2141.169815246958
6491,0.0,51.1635220349682,3084.119221440757
6492,75504.44345614866,51.1635220349682,5179.684531804527
6493,0.0,51.1635220349682,7275.249842168296
6494,0.0,51.1635220349682,8268.395729198042
6495,0.0,51.1635220349682,8275.59674414663
6496,0.0,51.1635220349682,8237.293339418507
6497,0.0,51.1635220349682,6381.380024201909
6498,74852.92696486543,51.1635220349682,4128.083991552695
6499,0.0,51.1635220349682,1874.787958903481
6500,0.0,51.1635220349682,0.0
6501,0.0,51.1635220349682,0.0
6502,0.0,51.1635220349682,0.0
6503,0.0,51.1635220349682,0.0
6504,74201.4104735822,51.1635220349682,0.0
6505,0.0,51.1635220349682,0.0
6506,0.0,51.1635220349682,2095.565310363769
6507,0.0,51.1635220349682,4053.210698452266
6508,0.0,51.1635220349682,4863.598646555329
6509,0.0,51.1635220349682,6030.968615693249
6510,73549.89398229898,51.1635220349682,6081.456957496954
6511,0.0,51.1635220349682,4199.559243173185
6512,0.0,51.1635220349682,1946.2632105239709
6513,0.0,51.1635220349682,0.0
6514,0.0,51.1635220349682,0.0
6515,0.0,51.1635220349682,2095.565310363769
6516,72898.37749101575,51.1635220349682,4191.130620727538
6517,0.0,51.1635220349682,4930.721999339954
6518,0.0,51.1635220349682,7026.287309703724
6519,0.0,51.1635220349682,7026.287309703724
6520,0.0,51.1635220349682,7026.287309703724
6521,0.0,51.1635220349682,7026.287309703724
6522,72246.86099973253,51.1635220349682,7026.287309703724
6523,0.0,51.1635220349682,5895.515228183397
6524,0.0,51.1635220349682,5895.515228183397
6525,0.0,51.1635220349682,5895.515228183397
6526,0.0,51.1635220349682,5895.515228183397
6527,0.0,51.1635220349682,5895.515228183397
6528,71595.3445084493,51.1635220349682,5895.515228183397
6529,0.0,51.1635220349682,5895.515228183397
6530,0.0,51.1635220349682,5895.515228183397
6531,0.0,51.1635220349682,5895.515228183397
6532,0.0,51.1635220349682,5895.515228183397
6533,0.0,51.1635220349682,5895.515228183397
6534,70943.82801716607,51.1635220349682,5895.515228183397
6535,0.0,51.1635220349682,5895.515228183397
6536,0.0,51.1635220349682,3958.3040230096167
6537,0.0,51.1635220349682,3958.3040230096167
6538,0.0,51.1635220349682,3958.3040230096167
6539,0.0,51.1635220349682,3958.3040230096167
6540,70292.31152588285,98.27530400084166,4338.724424402155
6541,0.0,145.38708596671512,6434.289734765925
6542,0.0,192.49886793258855,8085.646195888999
6543,0.0,239.61064989846204,8692.0
6544,0.0,272.0,8692.0
6545,0.0,272.0,8692.0
6546,69640.79503459962,272.0,6817.71339402857
6547,0.0,272.0,4564.417361379356
6548,0.0,272.0,4287.799881397478
6549,0.0,272.0,4287.799881397478
6550,0.0,272.0,4287.799881397478
6551,0.0,272.0,4287.799881397478
6552,68989.2785433164,272.0,4287.799881397478
6553,0.0,272.0,4287.799881397478
6554,0.0,272.0,4287.799881397478
6555,0.0,272.0,5296.22075601666
6556,0.0,272.0,5296.22075601666
6557,0.0,272.0,6526.946939504652
6558,69608.93009543727,272.0,6759.888097947642
6559,0.0,272.0,4506.592065298428
6560,0.0,272.0,2253.296032649214
6561,0.0,272.0,0.0
6562,0.0,272.0,0.0
6563,0.0,272.0,2095.565310363769
6564,70228.58164755815,272.0,4191.130620727538
6565,0.0,272.0,5995.311144100023
6566,0.0,272.0,6596.434689636231
6567,0.0,272.0,8692.0
6568,0.0,272.0,8692.0
6569,0.0,272.0,8692.0
6570,70848.23319967903,272.0,6438.703967350786
6571,0.0,272.0,4185.407934701572
6572,0.0,272.0,1932.1119020523583
6573,0.0,272.0,748.4127439146001
6574,0.0,272.0,347.8283665140048
6575,0.0,272.0,0.0
6576,71467.88475179991,272.0,0.0
6577,0.0,272.0,780.465991437356
6578,0.0,272.0,1969.6403650799964
6579,0.0,272.0,3389.9593453563048
6580,0.0,272.0,4514.621742001456
6581,0.0,272.0,5166.061110088943
6582,72087.53630392079,272.0,4884.719113495745
6583,0.0,272.0,3996.4958671718687
6584,0.0,272.0,1743.1998345226546
6585,0.0,272.0,0.0
6586,0.0,272.0,0.0
6587,0.0,272.0,0.0
6588,72707.18785604167,272.0,2095.565310363769
6589,0.0,272.0,4048.258174911473
6590,0.0,272.0,4500.869379272463
6591,0.0,272.0,6596.434689636231
6592,0.0,272.0,8692.0
6593,0.0,272.0,8692.0
6594,73326.83940816254,272.0,6438.703967350786
6595,0.0,272.0,4185.407934701572
6596,0.0,272.0,2253.296032649214
6597,0.0,272.0,0.0
6598,0.0,272.0,0.0
6599,0.0,272.0,0.0
6600,72675.32291687932,272.0,398.0610242426401
6601,0.0,272.0,1767.1055048301243
6602,0.0,272.0,3172.112330200728
6603,0.0,272.0,4284.4989235632265
6604,0.0,272.0,4284.4989235632265
6605,0.0,272.0,4245.249583158284
6606,72023.80642559609,272.0,3694.588832783952
6607,0.0,272.0,2235.297411412238
6608,0.0,272.0,0.0
6609,0.0,272.0,0.0
6610,0.0,272.0,0.0
6611,0.0,272.0,1786.8518901904945
6612,71372.28993431287,272.0,3882.417200554264
6613,0.0,272.0,3882.417200554264
6614,0.0,272.0,5977.982510918033
6615,0.0,272.0,8073.547821281802
6616,0.0,272.0,8073.547821281802
6617,0.0,272.0,8692.0
6618,70720.77344302964,272.0,7120.362235432799
6619,0.0,272.0,4867.066202783585
6620,0.0,272.0,2613.7701701343717
6621,0.0,272.0,515.3969291626015
6622,0.0,272.0,0.0
6623,0.0,272.0,0.0
6624,70069.25695174641,272.0,0.0
6625,0.0,272.0,0.0
6626,0.0,272.0,0.0
6627,0.0,272.0,101.39950231362394
6628,0.0,272.0,691.0360945454031
6629,0.0,272.0,1545.316493527744
6630,69417.74046046319,272.0,2686.3892508171966
6631,0.0,272.0,1924.8705137227728
6632,0.0,272.0,205.3561986734851
6633,0.0,272.0,0.0
6634,0.0,272.0,0.0
6635,0.0,272.0,0.0
6636,68766.22396917996,272.0,2095.565310363769
6637,0.0,272.0,4191.130620727538
6638,0.0,272.0,6286.695931091308
6639,0.0,272.0,8382.261241455077
6640,0.0,272.0,8692.0
6641,0.0,272.0,8692.0
6642,68114.70747789674,272.0,7021.758655225225
6643,0.0,272.0,4768.462622576011
6644,0.0,272.0,2515.1665899267973
6645,0.0,272.0,261.87055727758343
6646,0.0,272.0,0.0
6647,0.0,272.0,0.0
6648,67463.19098661351,272.0,0.0
6649,0.0,272.0,0.0
6650,0.0,272.0,0.0
6651,0.0,272.0,0.0
6652,0.0,272.0,0.0
6653,0.0,272.0,0.0
6654,66811.67449533028,272.0,0.0
6655,0.0,272.0,0.0
6656,0.0,272.0,0.0
6657,0.0,272.0,0.0
6658,0.0,272.0,0.0
6659,0.0,272.0,0.0
6660,66160.15800404706,272.0,0.0
6661,0.0,272.0,0.0
6662,0.0,272.0,0.0
6663,0.0,272.0,157.7307222854447
6664,0.0,272.0,157.7307222854447
6665,0.0,272.0,2253.296032649214
6666,65508.64151276383,272.0,2253.296032649214
6667,0.0,272.0,2253.296032649214
6668,0.0,272.0,2253.296032649214
6669,0.0,272.0,2253.296032649214
6670,0.0,272.0,0.0
6671,0.0,272.0,0.0
6672,66128.29306488471,272.0,0.0
6673,0.0,272.0,0.0
6674,0.0,272.0,0.0
6675,0.0,272.0,0.0
6676,0.0,272.0,1071.8642502784303
6677,0.0,272.0,3167.4295606422
6678,66747.94461700559,272.0,3167.4295606422
6679,0.0,272.0,3167.4295606422
6680,0.0,272.0,3167.4295606422
6681,0.0,272.0,3167.4295606422
6682,0.0,272.0,3167.4295606422
6683,0.0,272.0,3167.4295606422
6684,67367.59616912647,272.0,3167.4295606422
6685,0.0,272.0,5262.994871005969
6686,0.0,272.0,7358.560181369738
6687,0.0,272.0,8558.46615500745
6688,0.0,272.0,8692.0
6689,0.0,272.0,6759.888097947642
6690,67987.24772124735,272.0,4506.592065298428
6691,0.0,272.0,2253.296032649214
6692,0.0,272.0,0.0
6693,0.0,272.0,0.0
6694,0.0,272.0,0.0
6695,0.0,272.0,0.0
6696,68606.89927336822,272.0,0.0
6697,0.0,272.0,467.4694808303693
6698,0.0,272.0,2563.0347911941385
6699,0.0,272.0,2563.0347911941385
6700,0.0,272.0,2563.0347911941385
6701,0.0,272.0,4658.600101557908
6702,69226.5508254891,272.0,4658.600101557908
6703,0.0,272.0,2405.3040689086934
6704,0.0,272.0,2405.3040689086934
6705,0.0,272.0,2405.3040689086934
6706,0.0,272.0,2405.3040689086934
6707,0.0,272.0,2405.3040689086934
6708,69846.20237760998,272.0,4500.869379272463
6709,0.0,272.0,4500.869379272463
6710,0.0,272.0,4500.869379272463
6711,0.0,272.0,6596.434689636231
6712,0.0,272.0,8692.0
6713,0.0,272.0,8692.0
6714,70465.85392973086,272.0,6438.703967350786
6715,0.0,272.0,6438.703967350786
6716,0.0,272.0,6438.703967350786
6717,0.0,272.0,6438.703967350786
6718,0.0,272.0,6438.703967350786
6719,0.0,272.0,6438.703967350786
6720,69814.33743844763,272.0,6438.703967350786
6721,0.0,272.0,6596.434689636231
6722,0.0,272.0,8692.0
6723,0.0,272.0,8692.0
6724,0.0,272.0,8692.0
6725,0.0,272.0,8692.0
6726,69162.82094716441,272.0,8692.0
6727,0.0,272.0,8692.0
6728,0.0,272.0,8692.0
6729,0.0,272.0,8692.0
6730,0.0,272.0,8692.0
6731,0.0,272.0,8692.0
6732,68511.30445588118,272.0,8692.0
6733,0.0,272.0,8692.0
6734,0.0,272.0,8692.0
6735,0.0,272.0,8692.0
6736,0.0,272.0,8692.0
6737,0.0,269.91125084615004,8313.151746967515
6738,67859.78796459796,245.3738644055909,6059.855714318301
6739,0.0,220.83647796503183,3806.559681669087
6740,0.0,196.29909152447277,2252.816898573589
6741,0.0,171.76170508391365,903.6161341935604
6742,0.0,147.22431864335456,498.50287076686215
6743,0.0,147.22431864335456,498.50287076686215
6744,67208.27147331473,147.22431864335456,498.50287076686215
6745,0.0,147.22431864335456,1247.4948233462374
6746,0.0,147.22431864335456,1944.1635460028408
6747,0.0,147.22431864335456,3803.927156590126
6748,0.0,147.22431864335456,4851.6985402137325
6749,0.0,147.22431864335456,5432.47782452545
6750,66556.7549820315,147.22431864335456,5432.47782452545
6751,0.0,122.68693220279546,4924.91481091473
6752,0.0,98.14954576223636,2671.618778265516
6753,0.0,73.61215932167728,418.3227456163019
6754,0.0,49.074772881118186,0.0
6755,0.0,49.074772881118186,0.0
6756,65905.23849074828,49.074772881118186,1695.57476924897
6757,0.0,49.074772881118186,3658.741191982832
6758,0.0,49.074772881118186,5754.3065023466015
6759,0.0,49.074772881118186,7313.90267026575
6760,0.0,49.074772881118186,7969.535451477964
6761,0.0,49.074772881118186,7969.535451477964
6762,65253.72199946505,24.537386440559093,5716.23941882875
6763,0.0,0.0,3462.943386179536
6764,0.0,0.0,1473.243470384601
6765,0.0,0.0,127.100487562985
6766,0.0,0.0,0.0
6767,0.0,0.0,0.0
6768,64602.20550818183,0.0,0.0
6769,0.0,0.0,0.0
6770,0.0,0.0,314.4483997692221
6771,0.0,0.0,835.6710674707821
6772,0.0,0.0,1476.814296209483
6773,0.0,0.0,1476.814296209483
6774,63950.6890168986,0.0,1476.814296209483
6775,0.0,0.0,225.22729516513823
6776,0.0,0.0,0.0
6777,0.0,0.0,0.0
6778,0.0,0.0,0.0
6779,0.0,0.0,0.0
6780,63299.17252561537,0.0,0.0
6781,0.0,0.0,386.04689779742966
6782,0.0,0.0,386.04689779742966
6783,0.0,0.0,386.04689779742966
6784,0.0,0.0,386.04689779742966
6785,0.0,0.0,386.04689779742966
6786,62647.65603433215,0.0,386.04689779742966
6787,0.0,0.0,0.0
6788,0.0,0.0,0.0
6789,0.0,0.0,0.0
6790,0.0,0.0,0.0
6791,0.0,0.0,0.0
6792,61996.13954304892,0.0,0.0
6793,0.0,0.0,1381.6363340196394
6794,0.0,0.0,2253.296032649214
6795,0.0,0.0,2253.296032649214
6796,0.0,0.0,2253.296032649214
6797,0.0,0.0,2253.296032649214
6798,61344.623051765695,0.0,2253.296032649214
6799,0.0,0.0,0.0
6800,0.0,0.0,0.0
6801,0.0,0.0,0.0
6802,0.0,0.0,0.0
6803,0.0,47.11178196587346,786.4615649852522
6804,60693.10656048247,94.22356393174692,2882.0268753490213
6805,0.0,141.3353458976204,4977.592185712791
6806,0.0,188.44712786349385,7073.157496076559
6807,0.0,235.5589098293673,8692.0
6808,0.0,272.0,8692.0
6809,0.0,272.0,8692.0
6810,60041.59006919924,272.0,8692.0
6811,0.0,272.0,8692.0
6812,0.0,272.0,8692.0
6813,0.0,272.0,8692.0
6814,0.0,272.0,8692.0
6815,0.0,272.0,8692.0
6816,59390.07357791602,272.0,8692.0
6817,0.0,272.0,8692.0
6818,0.0,272.0,8692.0
6819,0.0,272.0,8692.0
6820,0.0,272.0,8692.0
6821,0.0,272.0,8692.0
6822,58738.55708663279,272.0,8692.0
6823,0.0,272.0,6438.703967350786
6824,0.0,272.0,4185.407934701572
6825,0.0,272.0,4185.407934701572
6826,0.0,272.0,4185.407934701572
6827,0.0,272.0,4185.407934701572
6828,58087.040595349565,272.0,4500.869379272463
6829,0.0,272.0,4500.869379272463
6830,0.0,272.0,6596.434689636231
6831,0.0,272.0,8692.0
6832,0.0,272.0,8692.0
6833,0.0,272.0,8464.378925513605
6834,57435.52410406634,272.0,6211.082892864391
6835,0.0,272.0,3957.7868602151775
6836,0.0,272.0,2383.897867732695
6837,0.0,272.0,371.9868293365037
6838,0.0,272.0,0.0
6839,0.0,272.0,0.0
6840,56784.00761278311,272.0,2095.565310363769
6841,0.0,272.0,2626.638736601556
6842,0.0,272.0,4022.7086010695775
6843,0.0,272.0,6118.273911433347
6844,0.0,272.0,6118.273911433347
6845,0.0,272.0,6118.273911433347
6846,56132.49112149989,272.0,6118.273911433347
6847,0.0,272.0,3864.977878784133
6848,0.0,272.0,1611.6818461349194
6849,0.0,272.0,1611.6818461349194
6850,0.0,272.0,1611.6818461349194
6851,0.0,272.0,3670.404136948444
6852,55480.97463021666,272.0,5765.969447312213
6853,0.0,272.0,7861.534757675981
6854,0.0,272.0,7861.534757675981
6855,0.0,272.0,8692.0
6856,0.0,272.0,8692.0
6857,0.0,272.0,8692.0
6858,54829.45813893344,272.0,6438.703967350786
6859,0.0,272.0,6438.703967350786
6860,0.0,272.0,6438.703967350786
6861,0.0,272.0,4185.407934701572
6862,0.0,272.0,1932.1119020523583
6863,0.0,272.0,0.0
6864,54177.94164765021,272.0,0.0
6865,0.0,272.0,0.0
6866,0.0,272.0,0.0
6867,0.0,272.0,2095.565310363769
6868,0.0,272.0,4191.130620727538
6869,0.0,272.0,6286.695931091308
6870,53526.42515636698,272.0,6286.695931091308
6871,0.0,272.0,4033.399898442094
6872,0.0,272.0,2253.296032649214
6873,0.0,272.0,0.0
6874,0.0,272.0,0.0
6875,0.0,272.0,0.0
6876,52874.90866508376,272.0,2095.565310363769
6877,0.0,272.0,2095.565310363769
6878,0.0,272.0,2095.565310363769
6879,0.0,272.0,3264.175742221879
6880,0.0,272.0,3264.175742221879
6881,0.0,272.0,3264.175742221879
6882,52223.39217380053,272.0,3264.175742221879
6883,0.0,272.0,2213.4283011450475
6884,0.0,272.0,1250.2268289308267
6885,0.0,272.0,1250.2268289308267
6886,0.0,272.0,0.0
6887,0.0,272.0,0.0
6888,51571.8756825173,272.0,2095.565310363769
6889,0.0,272.0,4191.130620727538
6890,0.0,272.0,6286.695931091308
6891,0.0,272.0,6286.695931091308
6892,0.0,272.0,6286.695931091308
6893,0.0,272.0,7711.595612116446
6894,50920.35919123408,272.0,8692.0
6895,0.0,272.0,6438.703967350786
6896,0.0,272.0,4680.788590464708
6897,0.0,272.0,2427.4925578154944
6898,0.0,272.0,174.19652516628048
6899,0.0,272.0,303.4246355334019
6900,51540.01074335496,272.0,303.4246355334019
6901,0.0,272.0,303.4246355334019
6902,0.0,272.0,303.4246355334019
6903,0.0,272.0,303.4246355334019
6904,0.0,272.0,303.4246355334019
6905,0.0,272.0,0.0
6906,52159.66229547584,272.0,0.0
6907,0.0,272.0,0.0
6908,0.0,272.0,0.0
6909,0.0,272.0,1545.578855050623
6910,0.0,272.0,1545.578855050623
6911,0.0,272.0,1545.578855050623
6912,52779.31384759671,272.0,3641.144165414392
6913,0.0,272.0,5736.7094757781615
6914,0.0,272.0,6596.434689636231
6915,0.0,272.0,8692.0
6916,0.0,272.0,8692.0
6917,0.0,272.0,8692.0
6918,53398.96539971759,272.0,8692.0
6919,0.0,272.0,8692.0
6920,0.0,272.0,8692.0
6921,0.0,272.0,8692.0
6922,0.0,272.0,8692.0
6923,0.0,272.0,8692.0
6924,54018.61695183847,272.0,8692.0
6925,0.0,272.0,8692.0
6926,0.0,272.0,8692.0
6927,0.0,272.0,8692.0
6928,0.0,272.0,8692.0
6929,0.0,272.0,8692.0
6930,54638.26850395935,272.0,6438.703967350786
6931,0.0,272.0,6438.703967350786
6932,0.0,272.0,4185.407934701572
6933,0.0,272.0,4185.407934701572
6934,0.0,272.0,1932.1119020523583
6935,0.0,272.0,1932.1119020523583
6936,55257.92005608023,272.0,1932.1119020523583
6937,0.0,272.0,3320.549039637983
6938,0.0,272.0,5416.114350001752
6939,0.0,272.0,7511.67966036552
6940,0.0,272.0,8692.0
6941,0.0,272.0,8692.0
6942,55877.57160820111,272.0,8692.0
6943,0.0,272.0,8692.0
6944,0.0,272.0,8692.0
6945,0.0,272.0,8692.0
6946,0.0,272.0,8692.0
6947,0.0,272.0,8692.0
6948,55226.05511691788,272.0,8692.0
6949,0.0,272.0,8692.0
6950,0.0,272.0,8692.0
6951,0.0,272.0,8692.0
6952,0.0,272.0,8692.0
6953,0.0,272.0,8386.360766417734
6954,54574.538625634654,272.0,6150.438645023876
6955,0.0,272.0,4293.701201248945
6956,0.0,272.0,2224.864957150885
6957,0.0,272.0,1120.9418563916915
6958,0.0,272.0,0.0
6959,0.0,272.0,0.0
6960,53923.02213435143,272.0,0.0
6961,0.0,272.0,0.0
6962,0.0,272.0,0.0
6963,0.0,272.0,0.0
6964,0.0,272.0,0.0
6965,0.0,272.0,0.0
6966,53271.5056430682,272.0,0.0
6967,0.0,272.0,278.6379854498007
6968,0.0,272.0,278.6379854498007
6969,0.0,272.0,278.6379854498007
6970,0.0,272.0,555.3658773464474
6971,0.0,272.0,1798.9660154118271
6972,52619.989151784976,272.0,3376.258007226333
6973,0.0,272.0,5471.823317590102
6974,0.0,272.0,7567.388627953872
6975,0.0,272.0,8692.0
6976,0.0,272.0,8692.0
6977,0.0,272.0,8692.0
6978,51968.47266050175,272.0,8692.0
6979,0.0,272.0,8692.0
6980,0.0,272.0,8692.0
6981,0.0,272.0,8692.0
6982,0.0,272.0,8692.0
6983,0.0,272.0,8692.0
6984,51316.95616921852,272.0,8692.0
6985,0.0,272.0,8692.0
6986,0.0,272.0,8692.0
6987,0.0,272.0,8692.0
6988,0.0,272.0,8692.0
6989,0.0,272.0,8692.0
6990,50665.4396779353,272.0,8692.0
6991,0.0,272.0,8692.0
6992,0.0,272.0,8692.0
6993,0.0,272.0,8692.0
6994,0.0,272.0,8692.0
6995,0.0,272.0,8692.0
6996,50013.92318665207,272.0,8692.0
6997,0.0,272.0,8692.0
6998,0.0,272.0,8692.0
6999,0.0,272.0,8692.0
7000,0.0,272.0,8692.0
7001,0.0,269.91125084615004,8451.933859471414
7002,49362.406695368845,245.3738644055909,6198.6378268222
7003,0.0,220.83647796503183,3945.341794172986
7004,0.0,196.29909152447277,2938.8706324134773
7005,0.0,196.29909152447277,2938.8706324134773
7006,0.0,196.29909152447277,2938.8706324134773
7007,0.0,196.29909152447277,2938.8706324134773
7008,48710.89020408562,196.29909152447277,2938.8706324134773
7009,0.0,196.29909152447277,2938.8706324134773
7010,0.0,196.29909152447277,4296.913726484484
7011,0.0,196.29909152447277,4896.5553567504585
7012,0.0,196.29909152447277,6768.550256723179
7013,0.0,196.29909152447277,8692.0
7014,48059.37371280239,196.29909152447277,8692.0
7015,0.0,196.29909152447277,8692.0
7016,0.0,196.29909152447277,8692.0
7017,0.0,171.76170508391365,8528.822507852723
7018,0.0,147.22431864335456,8263.237316542401
7019,0.0,147.22431864335456,8263.237316542401
7020,47407.85722151917,147.22431864335456,8263.237316542401
7021,0.0,147.22431864335456,8263.237316542401
7022,0.0,147.22431864335456,8424.173928214419
7023,0.0,147.22431864335456,8692.0
7024,0.0,147.22431864335456,8692.0
7025,0.0,122.68693220279546,8166.97147335433
7026,46756.34073023594,98.14954576223636,5913.675440705116
7027,0.0,73.61215932167728,3660.379408055902
7028,0.0,49.074772881118186,1407.083375406688
7029,0.0,24.537386440559093,0.0
7030,0.0,0.0,0.0
7031,0.0,0.0,0.0
7032,46104.82423895272,0.0,0.0
7033,0.0,0.0,0.0
7034,0.0,0.0,0.0
7035,0.0,0.0,0.0
7036,0.0,0.0,0.0
7037,0.0,0.0,0.0
7038,45453.30774766949,0.0,911.1116761492568
7039,0.0,0.0,911.1116761492568
7040,0.0,0.0,0.0
7041,0.0,0.0,0.0
7042,0.0,0.0,0.0
7043,0.0,0.0,0.0
7044,46072.95929979037,0.0,0.0
7045,0.0,0.0,0.0
7046,0.0,0.0,2095.565310363769
7047,0.0,0.0,2095.565310363769
7048,0.0,0.0,2253.296032649214
7049,0.0,0.0,2253.296032649214
7050,46692.610851911246,0.0,0.0
7051,0.0,0.0,0.0
7052,0.0,0.0,0.0
7053,0.0,0.0,0.0
7054,0.0,0.0,0.0
7055,0.0,0.0,0.0
7056,47312.26240403213,0.0,0.0
7057,0.0,0.0,0.0
7058,0.0,0.0,0.0
7059,0.0,0.0,0.0
7060,0.0,0.0,0.0
7061,0.0,0.0,2095.565310363769
7062,47931.913956153,0.0,2095.565310363769
7063,0.0,0.0,2095.565310363769
7064,0.0,0.0,2095.565310363769
7065,0.0,0.0,2095.565310363769
7066,0.0,0.0,2095.565310363769
7067,0.0,0.0,2095.565310363769
7068,48551.56550827388,0.0,2095.565310363769
7069,0.0,0.0,2095.565310363769
7070,0.0,0.0,2095.565310363769
7071,0.0,0.0,2095.565310363769
7072,0.0,0.0,2095.565310363769
7073,0.0,0.0,2095.565310363769
7074,49171.21706039476,0.0,2095.565310363769
7075,0.0,0.0,2095.565310363769
7076,0.0,0.0,2095.565310363769
7077,0.0,0.0,2095.565310363769
7078,0.0,0.0,2095.565310363769
7079,0.0,0.0,2095.565310363769
7080,49790.86861251564,0.0,2095.565310363769
7081,0.0,0.0,2305.1438962710395
7082,0.0,0.0,2305.1438962710395
7083,0.0,0.0,4400.709206634809
7084,0.0,0.0,6496.274516998577
7085,0.0,0.0,8373.285217134104
7086,50410.52016463652,0.0,8692.0
7087,0.0,0.0,6438.703967350786
7088,0.0,0.0,4185.407934701572
7089,0.0,0.0,1932.1119020523583
7090,0.0,0.0,0.0
7091,0.0,0.0,0.0
7092,51030.1717167574,0.0,0.0
7093,0.0,0.0,1276.899041599036
7094,0.0,0.0,1276.899041599036
7095,0.0,0.0,2288.373843399838
7096,0.0,0.0,2288.373843399838
7097,0.0,0.0,2288.373843399838
7098,51649.823268878274,0.0,1250.4073240620858
7099,0.0,0.0,0.0
7100,0.0,0.0,0.0
7101,0.0,0.0,0.0
7102,0.0,0.0,0.0
7103,0.0,0.0,0.0
7104,52269.47482099915,0.0,0.0
7105,0.0,0.0,0.0
7106,0.0,0.0,0.0
7107,0.0,0.0,0.0
7108,0.0,0.0,0.0
7109,0.0,0.0,0.0
7110,52889.12637312003,0.0,0.0
7111,0.0,0.0,0.0
7112,0.0,0.0,0.0
7113,0.0,0.0,0.0
7114,0.0,0.0,533.0492536174651
7115,0.0,0.0,539.3729963372524
7116,53508.77792524091,0.0,2634.9383067010217
7117,0.0,0.0,2634.9383067010217
7118,0.0,0.0,2634.9383067010217
7119,0.0,0.0,2634.9383067010217
7120,0.0,0.0,2634.9383067010217
7121,0.0,0.0,2634.9383067010217
7122,54128.42947736179,0.0,381.6422740518078
7123,0.0,0.0,381.6422740518078
7124,0.0,0.0,0.0
7125,0.0,0.0,0.0
7126,0.0,0.0,0.0
7127,0.0,0.0,0.0
7128,54748.081029482666,0.0,0.0
7129,0.0,0.0,0.0
7130,0.0,0.0,0.0
7131,0.0,0.0,208.4033329116245
7132,0.0,0.0,1866.691130792876
7133,0.0,0.0,1866.691130792876
7134,55367.732581603545,0.0,1866.691130792876
7135,0.0,0.0,0.0
7136,0.0,0.0,0.0
7137,0.0,0.0,2095.565310363769
7138,0.0,0.0,2095.565310363769
7139,0.0,0.0,2095.565310363769
7140,55987.38413372442,0.0,3852.8186404728954
7141,0.0,0.0,3852.8186404728954
7142,0.0,0.0,5948.383950836664
7143,0.0,0.0,6596.434689636231
7144,0.0,24.537386440559093,8692.0
7145,0.0,24.537386440559093,8692.0
7146,56607.0356858453,0.0,6438.703967350786
7147,0.0,0.0,4185.407934701572
7148,0.0,0.0,1932.1119020523583
7149,0.0,0.0,0.0
7150,0.0,0.0,0.0
7151,0.0,0.0,0.0
7152,55955.51919456208,0.0,0.0
7153,0.0,0.0,0.0
7154,0.0,0.0,0.0
7155,0.0,0.0,2095.565310363769
7156,0.0,0.0,4191.130620727538
7157,0.0,0.0,4506.592065298428
7158,55304.00270327885,0.0,4506.592065298428
7159,0.0,0.0,2253.296032649214
7160,0.0,0.0,0.0
7161,0.0,0.0,0.0
7162,0.0,0.0,0.0
7163,0.0,0.0,1814.0759481746484
7164,54652.48621199562,0.0,3401.712963928239
7165,0.0,0.0,5497.278274292008
7166,0.0,0.0,6759.888097947642
7167,0.0,0.0,6759.888097947642
7168,0.0,0.0,6759.888097947642
7169,0.0,0.0,6759.888097947642
7170,54000.9697207124,0.0,4506.592065298428
7171,0.0,0.0,2253.296032649214
7172,0.0,0.0,0.0
7173,0.0,0.0,0.0
7174,0.0,0.0,0.0
7175,0.0,0.0,0.0
7176,53349.45322942917,0.0,1184.8084744557138
7177,0.0,0.0,1700.9898683901606
7178,0.0,0.0,1700.9898683901606
7179,0.0,0.0,1700.9898683901606
7180,0.0,0.0,1700.9898683901606
7181,0.0,0.0,0.0
7182,52697.936738145945,0.0,0.0
7183,0.0,0.0,0.0
7184,0.0,0.0,0.0
7185,0.0,0.0,0.0
7186,0.0,0.0,0.0
7187,0.0,0.0,0.0
7188,52046.42024686272,0.0,0.0
7189,0.0,0.0,900.750774762818
7190,0.0,0.0,900.750774762818
7191,0.0,0.0,2253.296032649214
7192,0.0,0.0,2253.296032649214
7193,0.0,0.0,2253.296032649214
7194,51394.90375557949,0.0,0.0
7195,0.0,0.0,0.0
7196,0.0,0.0,0.0
7197,0.0,0.0,0.0
7198,0.0,0.0,0.0
7199,0.0,0.0,0.0
7200,50743.38726429627,0.0,0.0
7201,0.0,0.0,0.0
7202,0.0,0.0,0.0
7203,0.0,0.0,0.0
7204,0.0,0.0,0.0
7205,0.0,0.0,0.0
7206,50091.87077301304,0.0,0.0
7207,0.0,0.0,0.0
7208,0.0,0.0,0.0
7209,0.0,0.0,0.0
7210,0.0,0.0,0.0
7211,0.0,0.0,0.0
7212,49440.354281729815,0.0,2095.565310363769
7213,0.0,0.0,4191.130620727538
7214,0.0,0.0,4500.869379272463
7215,0.0,0.0,6596.434689636231
7216,0.0,0.0,8692.0
7217,0.0,0.0,8692.0
7218,49440.354281729815,0.0,6438.703967350786
7219,0.0,0.0,6291.5115985586735
7220,0.0,0.0,6291.5115985586735
7221,0.0,0.0,6291.5115985586735
7222,0.0,0.0,4863.640715873306
7223,0.0,0.0,4863.640715873306
7224,48788.83779044659,0.0,4863.640715873306
7225,0.0,0.0,4863.640715873306
7226,0.0,0.0,6825.047227784525
7227,0.0,0.0,8496.888824378973
7228,0.0,0.0,8496.888824378973
7229,0.0,0.0,8496.888824378973
7230,48137.32129916336,0.0,8283.137104760292
7231,0.0,0.0,6247.563413214667
7232,0.0,0.0,3994.267380565453
7233,0.0,0.0,1740.9713479162394
7234,0.0,0.0,0.0
7235,0.0,0.0,0.0
7236,47485.80480788014,0.0,0.0
7237,0.0,0.0,0.0
7238,0.0,0.0,0.0
7239,0.0,0.0,0.0
7240,0.0,0.0,0.0
7241,0.0,0.0,0.0
7242,46834.28831659691,0.0,0.0
7243,0.0,0.0,0.0
7244,0.0,0.0,0.0
7245,0.0,0.0,0.0
7246,0.0,0.0,0.0
7247,0.0,0.0,0.0
7248,46182.771825313685,0.0,0.0
7249,0.0,0.0,577.5038197602173
7250,0.0,0.0,1867.8564753538876
7251,0.0,0.0,1867.8564753538876
7252,0.0,0.0,3162.424248257697
7253,0.0,0.0,3162.424248257697
7254,45531.25533403046,0.0,2273.066582827655
7255,0.0,0.0,1915.550896481903
7256,0.0,0.0,524.974613831479
7257,0.0,0.0,0.0
7258,0.0,0.0,0.0
7259,0.0,0.0,218.28379568557432
7260,44879.73884274723,0.0,1028.4116301392469
7261,0.0,0.0,1993.500563326848
7262,0.0,0.0,2253.296032649214
7263,0.0,0.0,2253.296032649214
7264,0.0,0.0,2253.296032649214
7265,0.0,0.0,2253.296032649214
7266,44228.222351464006,0.0,0.0
7267,0.0,0.0,0.0
7268,0.0,0.0,0.0
7269,0.0,0.0,0.0
7270,0.0,0.0,0.0
7271,0.0,0.0,0.0
7272,43576.70586018078,0.0,0.0
7273,0.0,0.0,0.0
7274,0.0,0.0,0.0
7275,0.0,0.0,0.0
7276,0.0,0.0,0.0
7277,0.0,0.0,0.0
7278,44196.35741230166,0.0,0.0
7279,0.0,0.0,0.0
7280,0.0,0.0,0.0
7281,0.0,0.0,0.0
7282,0.0,0.0,2095.565310363769
7283,0.0,0.0,2095.565310363769
7284,44816.00896442254,0.0,4191.130620727538
7285,0.0,47.11178196587346,6286.695931091308
7286,0.0,94.22356393174692,8382.261241455077
7287,0.0,141.3353458976204,8692.0
7288,0.0,141.3353458976204,8692.0
7289,0.0,141.3353458976204,8692.0
7290,45435.660516543416,141.3353458976204,7259.706513329177
7291,0.0,141.3353458976204,7007.703196517504
7292,0.0,141.3353458976204,6953.192615649086
7293,0.0,141.3353458976204,6863.959390761596
7294,0.0,141.3353458976204,7158.521157719086
7295,0.0,141.3353458976204,6846.582158097834
7296,44784.14402526019,141.3353458976204,6966.2405667660905
7297,0.0,141.3353458976204,6966.2405667660905
7298,0.0,141.3353458976204,7668.923390399334
7299,0.0,141.3353458976204,8347.719375077131
7300,0.0,141.3353458976204,8692.0
7301,0.0,141.3353458976204,8210.528683416014
7302,44132.62753397696,141.3353458976204,7011.62260104429
7303,0.0,141.3353458976204,4758.326568395076
7304,0.0,141.3353458976204,2505.030535745861
7305,0.0,141.3353458976204,251.73450309664744
7306,0.0,141.3353458976204,0.0
7307,0.0,141.3353458976204,0.0
7308,43481.11104269374,141.3353458976204,1641.567258134627
7309,0.0,141.3353458976204,3737.132568498396
7310,0.0,188.44712786349385,5832.697878862165
7311,0.0,235.5589098293673,7928.263189225934
7312,0.0,272.0,8692.0
7313,0.0,272.0,8692.0
7314,42829.59455141051,247.4626135594409,6438.703967350786
7315,0.0,222.92522711888185,4185.407934701572
7316,0.0,198.38784067832276,2002.2849722153453
7317,0.0,173.85045423776364,283.9182606682284
7318,0.0,149.31306779720455,0.0
7319,0.0,149.31306779720455,0.0
7320,42178.078060127285,149.31306779720455,0.0
7321,0.0,149.31306779720455,0.0
7322,0.0,149.31306779720455,215.7168701069886
7323,0.0,149.31306779720455,2311.282180470758
7324,0.0,149.31306779720455,4406.847490834527
7325,0.0,149.31306779720455,4692.5227935519015
7326,41526.56156884406,149.31306779720455,5676.67909089344
7327,0.0,149.31306779720455,5676.67909089344
7328,0.0,124.77568135664546,3778.297305218321
7329,0.0,100.23829491608636,1525.0012725691072
7330,0.0,75.70090847552729,0.0
7331,0.0,75.70090847552729,0.0
7332,40875.04507756083,75.70090847552729,96.92294631302076
7333,0.0,75.70090847552729,1312.9117518144262
7334,0.0,75.70090847552729,3178.357512326165
7335,0.0,75.70090847552729,5273.922822689934
7336,0.0,75.70090847552729,5760.748284610045
7337,0.0,75.70090847552729,5760.748284610045
7338,40223.52858627761,51.1635220349682,3507.4522519608317
7339,0.0,26.626135594409103,1254.1562193116174
7340,0.0,24.537386440559093,0.0
7341,0.0,24.537386440559093,0.0
7342,0.0,24.537386440559093,0.0
7343,0.0,24.537386440559093,0.0
7344,39572.01209499438,24.537386440559093,0.0
7345,0.0,24.537386440559093,0.0
7346,0.0,24.537386440559093,1002.317742944288
7347,0.0,24.537386440559093,2904.856015612184
7348,0.0,24.537386440559093,2904.856015612184
7349,0.0,24.537386440559093,2904.856015612184
7350,38920.49560371116,24.537386440559093,2904.856015612184
7351,0.0,24.537386440559093,2904.856015612184
7352,0.0,24.537386440559093,2253.296032649214
7353,0.0,24.537386440559093,0.0
7354,0.0,24.537386440559093,0.0
7355,0.0,24.537386440559093,2095.565310363769
7356,38268.97911242793,24.537386440559093,4191.130620727538
7357,0.0,24.537386440559093,6286.695931091308
7358,0.0,24.537386440559093,6596.434689636231
7359,0.0,24.537386440559093,8692.0
7360,0.0,24.537386440559093,8692.0
7361,0.0,24.537386440559093,8692.0
7362,37617.4626211447,0.0,6438.703967350786
7363,0.0,0.0,4185.407934701572
7364,0.0,0.0,2482.143431278096
7365,0.0,0.0,1271.2185751130455
7366,0.0,0.0,1271.2185751130455
7367,0.0,0.0,1271.2185751130455
7368,36965.94612986148,0.0,1271.2185751130455
7369,0.0,0.0,1271.2185751130455
7370,0.0,0.0,1271.2185751130455
7371,0.0,0.0,1271.2185751130455
7372,0.0,0.0,1271.2185751130455
7373,0.0,0.0,1271.2185751130455
7374,36314.42963857825,0.0,1271.2185751130455
7375,0.0,0.0,1271.2185751130455
7376,0.0,0.0,1271.2185751130455
7377,0.0,0.0,0.0
7378,0.0,0.0,0.0
7379,0.0,0.0,0.0
7380,35662.913147295025,0.0,0.0
7381,0.0,0.0,157.7307222854447
7382,0.0,0.0,2253.296032649214
7383,0.0,0.0,2253.296032649214
7384,0.0,0.0,2253.296032649214
7385,0.0,0.0,2253.296032649214
7386,35011.3966560118,0.0,0.0
7387,0.0,0.0,0.0
7388,0.0,0.0,0.0
7389,0.0,0.0,0.0
7390,0.0,0.0,0.0
7391,0.0,0.0,0.0
7392,34359.88016472857,0.0,0.0
7393,0.0,0.0,0.0
7394,0.0,0.0,0.0
7395,0.0,0.0,0.0
7396,0.0,0.0,0.0
7397,0.0,0.0,0.0
7398,33708.36367344535,0.0,0.0
7399,0.0,0.0,0.0
7400,0.0,0.0,0.0
7401,0.0,0.0,0.0
7402,0.0,0.0,0.0
7403,0.0,0.0,0.0
7404,33056.84718216212,0.0,0.0
7405,0.0,0.0,76.97495099340085
7406,0.0,0.0,2172.54026135717
7407,0.0,0.0,2253.296032649214
7408,0.0,0.0,2253.296032649214
7409,0.0,0.0,2253.296032649214
7410,32405.33069087889,0.0,0.0
7411,0.0,0.0,0.0
7412,0.0,0.0,0.0
7413,0.0,0.0,0.0
7414,0.0,0.0,0.0
7415,0.0,0.0,0.0
7416,31753.81419959567,0.0,2095.565310363769
7417,0.0,0.0,3053.17037308287
7418,0.0,0.0,5148.735683446639
7419,0.0,0.0,5148.735683446639
7420,0.0,0.0,5148.735683446639
7421,0.0,0.0,5148.735683446639
7422,31102.29770831244,0.0,4506.592065298428
7423,0.0,0.0,2253.296032649214
7424,0.0,0.0,0.0
7425,0.0,0.0,0.0
7426,0.0,0.0,0.0
7427,0.0,0.0,0.0
7428,30450.781217029216,0.0,0.0
7429,0.0,0.0,0.0
7430,0.0,0.0,0.0
7431,0.0,0.0,0.0
7432,0.0,0.0,0.0
7433,0.0,0.0,0.0
7434,29799.26472574599,0.0,0.0
7435,0.0,0.0,0.0
7436,0.0,0.0,0.0
7437,0.0,0.0,0.0
7438,0.0,0.0,0.0
7439,0.0,0.0,0.0
7440,29147.748234462764,0.0,2095.565310363769
7441,0.0,0.0,4191.130620727538
7442,0.0,0.0,4479.492564485161
7443,0.0,0.0,6575.05787484893
7444,0.0,0.0,8670.623185212698
7445,0.0,0.0,8670.623185212698
7446,29767.399786583643,0.0,8670.623185212698
7447,0.0,0.0,8670.623185212698
7448,0.0,0.0,8670.623185212698
7449,0.0,0.0,6417.327152563484
7450,0.0,0.0,4164.03111991427
7451,0.0,0.0,1910.735087265056
7452,30387.05133870452,0.0,0.0
7453,0.0,0.0,0.0
7454,0.0,0.0,786.772387863683
7455,0.0,0.0,786.772387863683
7456,0.0,0.0,786.772387863683
7457,0.0,0.0,786.772387863683
7458,31006.7028908254,0.0,786.772387863683
7459,0.0,0.0,0.0
7460,0.0,0.0,157.7307222854447
7461,0.0,0.0,2253.296032649214
7462,0.0,0.0,0.0
7463,0.0,0.0,0.0
7464,31626.35444294628,0.0,0.0
7465,0.0,0.0,2095.565310363769
7466,0.0,0.0,4191.130620727538
7467,0.0,0.0,5205.250714925644
7468,0.0,1.962990915244724,7300.816025289412
7469,0.0,49.074772881118186,8692.0
7470,32246.00599506716,49.074772881118186,8692.0
7471,0.0,49.074772881118186,6438.703967350786
7472,0.0,24.537386440559093,4185.407934701572
7473,0.0,0.0,1932.1119020523583
7474,0.0,0.0,0.0
7475,0.0,0.0,0.0
7476,32865.657547188035,0.0,0.0
7477,0.0,0.0,1510.5368870175555
7478,0.0,0.0,3606.102197381325
7479,0.0,0.0,5345.946757838897
7480,0.0,0.0,5345.946757838897
7481,0.0,0.0,5345.946757838897
7482,33485.30909930891,0.0,4055.100634752735
7483,0.0,0.0,1801.8046021035204
7484,0.0,0.0,1801.8046021035204
7485,0.0,0.0,1801.8046021035204
7486,0.0,0.0,0.0
7487,0.0,0.0,0.0
7488,34104.96065142979,0.0,0.0
7489,0.0,0.0,0.0
7490,0.0,0.0,0.0
7491,0.0,0.0,2095.565310363769
7492,0.0,0.0,4191.130620727538
7493,0.0,0.0,4191.130620727538
7494,34724.61220355067,0.0,4191.130620727538
7495,0.0,0.0,4191.130620727538
7496,0.0,0.0,3784.204055578885
7497,0.0,0.0,3784.204055578885
7498,0.0,0.0,3784.204055578885
7499,0.0,0.0,3784.204055578885
7500,35344.26375567155,0.0,5879.769365942654
7501,0.0,0.0,5879.769365942654
7502,0.0,0.0,5879.769365942654
7503,0.0,0.0,5879.769365942654
7504,0.0,0.0,5879.769365942654
7505,0.0,0.0,4506.592065298428
7506,35963.91530779243,0.0,2253.296032649214
7507,0.0,0.0,2253.296032649214
7508,0.0,0.0,2253.296032649214
7509,0.0,0.0,0.0
7510,0.0,0.0,0.0
7511,0.0,0.0,0.0
7512,36583.566859913306,0.0,0.0
7513,0.0,0.0,0.0
7514,0.0,0.0,0.0
7515,0.0,0.0,0.0
7516,0.0,0.0,2095.565310363769
7517,0.0,0.0,2095.565310363769
7518,37203.21841203418,0.0,2095.565310363769
7519,0.0,0.0,0.0
7520,0.0,0.0,0.0
7521,0.0,0.0,0.0
7522,0.0,0.0,1081.0557308049972
7523,0.0,0.0,1081.0557308049972
7524,37822.86996415506,0.0,2405.3040689086934
7525,0.0,0.0,4500.869379272463
7526,0.0,0.0,6596.434689636231
7527,0.0,0.0,8692.0
7528,0.0,47.11178196587346,8692.0
7529,0.0,49.074772881118186,8692.0
7530,38442.52151627594,49.074772881118186,6438.703967350786
7531,0.0,49.074772881118186,6438.703967350786
7532,0.0,49.074772881118186,6438.703967350786
7533,0.0,49.074772881118186,6438.703967350786
7534,0.0,49.074772881118186,4185.407934701572
7535,0.0,49.074772881118186,4185.407934701572
7536,39062.17306839682,49.074772881118186,4185.407934701572
7537,0.0,49.074772881118186,4185.407934701572
7538,0.0,49.074772881118186,4556.409644049298
7539,0.0,49.074772881118186,4556.409644049298
7540,0.0,49.074772881118186,4556.409644049298
7541,0.0,49.074772881118186,6596.434689636231
7542,39681.8246205177,49.074772881118186,8692.0
7543,0.0,49.074772881118186,8692.0
7544,0.0,49.074772881118186,8692.0
7545,0.0,49.074772881118186,8692.0
7546,0.0,49.074772881118186,8692.0
7547,0.0,49.074772881118186,8692.0
7548,39030.30812923447,49.074772881118186,8692.0
7549,0.0,49.074772881118186,8692.0
7550,0.0,49.074772881118186,8692.0
7551,0.0,49.074772881118186,8692.0
7552,0.0,49.074772881118186,8692.0
7553,0.0,49.074772881118186,8692.0
7554,38378.791637951246,24.537386440559093,6438.703967350786
7555,0.0,24.537386440559093,6002.763471016722
7556,0.0,24.537386440559093,6002.763471016722
7557,0.0,24.537386440559093,4018.730623650063
7558,0.0,24.537386440559093,4018.730623650063
7559,0.0,24.537386440559093,4018.730623650063
7560,38998.443190072125,24.537386440559093,4018.730623650063
7561,0.0,24.537386440559093,4018.730623650063
7562,0.0,24.537386440559093,4500.869379272463
7563,0.0,24.537386440559093,6596.434689636231
7564,0.0,24.537386440559093,8692.0
7565,0.0,24.537386440559093,8692.0
7566,39618.094742193,24.537386440559093,8692.0
7567,0.0,24.537386440559093,6438.703967350786
7568,0.0,24.537386440559093,6438.703967350786
7569,0.0,24.537386440559093,4506.592065298428
7570,0.0,24.537386440559093,4506.592065298428
7571,0.0,24.537386440559093,4506.592065298428
7572,40237.74629431388,24.537386440559093,4506.592065298428
7573,0.0,24.537386440559093,4506.592065298428
7574,0.0,24.537386440559093,4506.592065298428
7575,0.0,24.537386440559093,4506.592065298428
7576,0.0,24.537386440559093,4506.592065298428
7577,0.0,24.537386440559093,2253.296032649214
7578,40857.39784643476,0.0,0.0
7579,0.0,0.0,0.0
7580,0.0,0.0,0.0
7581,0.0,0.0,0.0
7582,0.0,0.0,0.0
7583,0.0,0.0,0.0
7584,41477.04939855564,0.0,0.0
7585,0.0,0.0,0.0
7586,0.0,0.0,0.0
7587,0.0,0.0,0.0
7588,0.0,0.0,0.0
7589,0.0,0.0,1599.5334734411997
7590,42096.70095067652,0.0,1599.5334734411997
7591,0.0,0.0,0.0
7592,0.0,0.0,0.0
7593,0.0,0.0,0.0
7594,0.0,0.0,0.0
7595,0.0,0.0,0.0
7596,42716.3525027974,0.0,996.9109417037598
7597,0.0,0.0,1617.5719667117824
7598,0.0,0.0,3218.6922455821923
7599,0.0,0.0,4506.592065298428
7600,0.0,0.0,4506.592065298428
7601,0.0,0.0,2253.296032649214
7602,43336.004054918274,0.0,2253.296032649214
7603,0.0,0.0,0.0
7604,0.0,0.0,0.0
7605,0.0,0.0,0.0
7606,0.0,0.0,0.0
7607,0.0,0.0,0.0
7608,43955.65560703915,0.0,0.0
7609,0.0,0.0,0.0
7610,0.0,0.0,0.0
7611,0.0,0.0,157.7307222854447
7612,0.0,47.11178196587346,157.7307222854447
7613,0.0,47.11178196587346,157.7307222854447
7614,44575.30715916003,94.22356393174692,2253.296032649214
7615,0.0,94.22356393174692,0.0
7616,0.0,94.22356393174692,0.0
7617,0.0,94.22356393174692,0.0
7618,0.0,130.6646541023796,0.0
7619,0.0,177.77643606825308,2095.565310363769
7620,45194.95871128091,177.77643606825308,2405.3040689086934
7621,0.0,177.77643606825308,4500.869379272463
7622,0.0,224.8882180341265,6596.434689636231
7623,0.0,272.0,8692.0
7624,0.0,272.0,8692.0
7625,0.0,272.0,8692.0
7626,45814.61026340179,272.0,6438.703967350786
7627,0.0,272.0,4185.407934701572
7628,0.0,272.0,1932.1119020523583
7629,0.0,272.0,1932.1119020523583
7630,0.0,272.0,1932.1119020523583
7631,0.0,272.0,1932.1119020523583
7632,45163.09377211856,272.0,3083.981011343995
7633,0.0,272.0,5179.546321707764
7634,0.0,272.0,7275.111632071534
7635,0.0,272.0,7700.82451931133
7636,0.0,272.0,7700.82451931133
7637,0.0,272.0,7700.82451931133
7638,44511.577280835336,272.0,6581.762102713285
7639,0.0,272.0,4328.466070064071
7640,0.0,272.0,4328.466070064071
7641,0.0,272.0,4328.466070064071
7642,0.0,272.0,4328.466070064071
7643,0.0,272.0,4328.466070064071
7644,43860.06078955211,272.0,4328.466070064071
7645,0.0,272.0,4328.466070064071
7646,0.0,272.0,4328.466070064071
7647,0.0,272.0,4328.466070064071
7648,0.0,272.0,4328.466070064071
7649,0.0,272.0,4328.466070064071
7650,43208.54429826888,272.0,2075.170037414857
7651,0.0,272.0,0.0
7652,0.0,272.0,0.0
7653,0.0,272.0,0.0
7654,0.0,272.0,0.0
7655,0.0,272.0,0.0
7656,42557.02780698566,272.0,0.0
7657,0.0,272.0,0.0
7658,0.0,272.0,2095.565310363769
7659,0.0,272.0,2298.7484719442023
7660,0.0,272.0,4193.986728347214
7661,0.0,272.0,4193.986728347214
7662,41905.51131570243,272.0,4193.986728347214
7663,0.0,272.0,1940.690695698
7664,0.0,272.0,1940.690695698
7665,0.0,272.0,1940.690695698
7666,0.0,272.0,1940.690695698
7667,0.0,272.0,2253.296032649214
7668,41253.994824419206,272.0,2253.296032649214
7669,0.0,272.0,2253.296032649214
7670,0.0,272.0,2253.296032649214
7671,0.0,272.0,2253.296032649214
7672,0.0,272.0,2253.296032649214
7673,0.0,272.0,2253.296032649214
7674,40602.47833313598,272.0,0.0
7675,0.0,272.0,0.0
7676,0.0,272.0,0.0
7677,0.0,272.0,0.0
7678,0.0,272.0,0.0
7679,0.0,272.0,0.0
7680,39950.96184185275,272.0,0.0
7681,0.0,272.0,0.0
7682,0.0,272.0,0.0
7683,0.0,272.0,157.7307222854447
7684,0.0,272.0,157.7307222854447
7685,0.0,272.0,157.7307222854447
7686,39299.44535056953,272.0,157.7307222854447
7687,0.0,272.0,157.7307222854447
7688,0.0,272.0,157.7307222854447
7689,0.0,272.0,157.7307222854447
7690,0.0,272.0,157.7307222854447
7691,0.0,272.0,157.7307222854447
7692,38647.9288592863,272.0,157.7307222854447
7693,0.0,272.0,157.7307222854447
7694,0.0,272.0,2253.296032649214
7695,0.0,272.0,2253.296032649214
7696,0.0,272.0,2253.296032649214
7697,0.0,272.0,2253.296032649214
7698,37996.41236800308,272.0,0.0
7699,0.0,272.0,0.0
7700,0.0,272.0,0.0
7701,0.0,272.0,0.0
7702,0.0,272.0,0.0
7703,0.0,272.0,0.0
7704,37344.89587671985,272.0,0.0
7705,0.0,272.0,2095.565310363769
7706,0.0,272.0,2095.565310363769
7707,0.0,272.0,2405.3040689086934
7708,0.0,272.0,4500.869379272463
7709,0.0,272.0,6596.434689636231
7710,37964.54742884073,272.0,8692.0
7711,0.0,272.0,8692.0
7712,0.0,272.0,8692.0
7713,0.0,272.0,8692.0
7714,0.0,272.0,8692.0
7715,0.0,272.0,8692.0
7716,37313.0309375575,272.0,8692.0
7717,0.0,272.0,8692.0
7718,0.0,272.0,8692.0
7719,0.0,272.0,8692.0
7720,0.0,272.0,8692.0
7721,0.0,272.0,8692.0
7722,36661.51444627428,272.0,6438.703967350786
7723,0.0,272.0,4185.407934701572
7724,0.0,272.0,3371.7047987716405
7725,0.0,272.0,1118.4087661224266
7726,0.0,272.0,1118.4087661224266
7727,0.0,272.0,0.0
7728,36009.99795499105,272.0,0.0
7729,0.0,272.0,0.0
7730,0.0,272.0,0.0
7731,0.0,272.0,0.0
7732,0.0,272.0,0.0
7733,0.0,272.0,2095.565310363769
7734,36629.64950711193,272.0,2095.565310363769
7735,0.0,272.0,714.2395785766034
7736,0.0,272.0,714.2395785766034
7737,0.0,272.0,714.2395785766034
7738,0.0,272.0,714.2395785766034
7739,0.0,272.0,2809.8048889403726
7740,35978.1330158287,272.0,3264.0670304044997
7741,0.0,272.0,5359.6323407682685
7742,0.0,272.0,7272.941207133991
7743,0.0,272.0,8692.0
7744,0.0,272.0,8429.245280387993
7745,0.0,272.0,6175.949247738779
7746,35326.61652454548,272.0,3922.6532150895655
7747,0.0,272.0,2315.764845255051
7748,0.0,272.0,62.46881260583723
7749,0.0,272.0,0.0
7750,0.0,272.0,0.0
7751,0.0,272.0,0.0
7752,34675.10003326225,272.0,2095.565310363769
7753,0.0,272.0,4191.130620727538
7754,0.0,272.0,4500.869379272463
7755,0.0,272.0,4500.869379272463
7756,0.0,272.0,6596.434689636231
7757,0.0,272.0,8692.0
7758,35294.75158538313,272.0,8692.0
7759,0.0,272.0,8365.766658939176
7760,0.0,272.0,8365.766658939176
7761,0.0,272.0,8365.766658939176
7762,0.0,272.0,8365.766658939176
7763,0.0,272.0,8365.766658939176
7764,34643.2350940999,272.0,8365.766658939176
7765,0.0,272.0,8365.766658939176
7766,0.0,272.0,8365.766658939176
7767,0.0,272.0,8365.766658939176
7768,0.0,272.0,8206.537965635995
7769,0.0,272.0,8206.537965635995
7770,33991.71860281668,272.0,5953.241932986781
7771,0.0,272.0,3699.945900337567
7772,0.0,272.0,3699.945900337567
7773,0.0,272.0,2253.296032649214
7774,0.0,272.0,2253.296032649214
7775,0.0,272.0,2253.296032649214
7776,33340.20211153345,272.0,2253.296032649214
7777,0.0,272.0,2253.296032649214
7778,0.0,272.0,2253.296032649214
7779,0.0,272.0,2253.296032649214
7780,0.0,272.0,2253.296032649214
7781,0.0,272.0,2253.296032649214
7782,32688.685620250224,272.0,2253.296032649214
7783,0.0,272.0,0.0
7784,0.0,272.0,0.0
7785,0.0,272.0,0.0
7786,0.0,272.0,0.0
7787,0.0,272.0,710.602920109711
7788,32037.169128967,272.0,2724.313807479817
7789,0.0,272.0,3717.033730925223
7790,0.0,272.0,3717.033730925223
7791,0.0,272.0,3717.033730925223
7792,0.0,272.0,3717.033730925223
7793,0.0,272.0,2292.1082626747493
7794,31385.65263768377,272.0,2253.296032649214
7795,0.0,272.0,2253.296032649214
7796,0.0,272.0,0.0
7797,0.0,272.0,0.0
7798,0.0,272.0,0.0
7799,0.0,272.0,0.0
7800,30734.136146400542,272.0,0.0
7801,0.0,272.0,0.0
7802,0.0,272.0,2095.565310363769
7803,0.0,272.0,4191.130620727538
7804,0.0,272.0,6286.695931091308
7805,0.0,272.0,6596.434689636231
7806,30082.61965511732,272.0,6596.434689636231
7807,0.0,272.0,6596.434689636231
7808,0.0,272.0,6596.434689636231
7809,0.0,272.0,6596.434689636231
7810,0.0,272.0,6596.434689636231
7811,0.0,272.0,6596.434689636231
7812,29431.103163834094,272.0,6596.434689636231
7813,0.0,272.0,6596.434689636231
7814,0.0,272.0,6596.434689636231
7815,0.0,272.0,6596.434689636231
7816,0.0,272.0,8692.0
7817,0.0,272.0,8692.0
7818,28779.586672550868,272.0,6438.703967350786
7819,0.0,272.0,4500.869379272463
7820,0.0,272.0,4500.869379272463
7821,0.0,272.0,4500.869379272463
7822,0.0,272.0,4500.869379272463
7823,0.0,272.0,4500.869379272463
7824,28128.07018126764,272.0,6596.434689636231
7825,0.0,272.0,6596.434689636231
7826,0.0,272.0,6596.434689636231
7827,0.0,272.0,6596.434689636231
7828,0.0,272.0,8692.0
7829,0.0,272.0,8692.0
7830,27476.553689984416,272.0,8692.0
7831,0.0,247.4626135594409,6759.888097947642
7832,0.0,222.92522711888185,4506.592065298428
7833,0.0,198.38784067832276,2253.296032649214
7834,0.0,173.85045423776364,0.0
7835,0.0,173.85045423776364,0.0
7836,26825.03719870119,173.85045423776364,0.0
7837,0.0,173.85045423776364,1302.0261019053287
7838,0.0,173.85045423776364,3397.591412269098
7839,0.0,173.85045423776364,5493.156722632867
7840,0.0,173.85045423776364,7131.735284639443
7841,0.0,173.85045423776364,7131.735284639443
7842,26173.520707417963,149.31306779720455,4878.439251990229
7843,0.0,149.31306779720455,2625.1432193410155
7844,0.0,149.31306779720455,1005.3236334283756
7845,0.0,149.31306779720455,1005.3236334283756
7846,0.0,149.31306779720455,1005.3236334283756
7847,0.0,149.31306779720455,0.0
7848,25522.004216134737,149.31306779720455,0.0
7849,0.0,149.31306779720455,0.0
7850,0.0,149.31306779720455,355.13203521457206
7851,0.0,149.31306779720455,2450.6973455783414
7852,0.0,149.31306779720455,3516.8644156938644
7853,0.0,149.31306779720455,3768.17964004942
7854,24870.48772485151,149.31306779720455,5304.518273224056
7855,0.0,149.31306779720455,4506.592065298428
7856,0.0,149.31306779720455,2253.296032649214
7857,0.0,149.31306779720455,0.0
7858,0.0,149.31306779720455,505.9081882424746
7859,0.0,149.31306779720455,505.9081882424746
7860,24218.971233568285,149.31306779720455,505.9081882424746
7861,0.0,149.31306779720455,1566.2607398332684
7862,0.0,149.31306779720455,2253.296032649214
7863,0.0,149.31306779720455,2253.296032649214
7864,0.0,149.31306779720455,2253.296032649214
7865,0.0,149.31306779720455,2253.296032649214
7866,23567.45474228506,149.31306779720455,0.0
7867,0.0,149.31306779720455,0.0
7868,0.0,149.31306779720455,0.0
7869,0.0,149.31306779720455,0.0
7870,0.0,149.31306779720455,0.0
7871,0.0,149.31306779720455,0.0
7872,22915.938251001837,149.31306779720455,0.0
7873,0.0,149.31306779720455,2095.565310363769
7874,0.0,149.31306779720455,4191.130620727538
7875,0.0,149.31306779720455,6286.695931091308
7876,0.0,149.31306779720455,8382.261241455077
7877,0.0,149.31306779720455,8692.0
7878,22264.421759718607,149.31306779720455,8692.0
7879,0.0,149.31306779720455,8692.0
7880,0.0,149.31306779720455,6754.165411921676
7881,0.0,149.31306779720455,6754.165411921676
7882,0.0,149.31306779720455,4500.869379272463
7883,0.0,149.31306779720455,4500.869379272463
7884,21612.90526843538,149.31306779720455,4500.869379272463
7885,0.0,149.31306779720455,6596.434689636231
7886,0.0,149.31306779720455,6596.434689636231
7887,0.0,149.31306779720455,8692.0
7888,0.0,149.31306779720455,8692.0
7889,0.0,149.31306779720455,7876.818970904183
7890,20961.388777152155,147.22431864335456,5623.52293825497
7891,0.0,147.22431864335456,3370.2269056057557
7892,0.0,147.22431864335456,1116.9308729565414
7893,0.0,147.22431864335456,0.0
7894,0.0,147.22431864335456,0.0
7895,0.0,147.22431864335456,0.0
7896,20309.87228586893,147.22431864335456,2095.565310363769
7897,0.0,147.22431864335456,4191.130620727538
7898,0.0,147.22431864335456,4191.130620727538
7899,0.0,147.22431864335456,6286.695931091308
7900,0.0,147.22431864335456,8039.250489164222
7901,0.0,147.22431864335456,8692.0
7902,19658.355794585703,147.22431864335456,8692.0
7903,0.0,147.22431864335456,8692.0
7904,0.0,147.22431864335456,8692.0
7905,0.0,122.68693220279546,7246.116732052915
7906,0.0,98.14954576223636,6118.295688426371
7907,0.0,98.14954576223636,6118.295688426371
7908,19006.83930330248,98.14954576223636,6118.295688426371
7909,0.0,98.14954576223636,6118.295688426371
7910,0.0,98.14954576223636,6118.295688426371
7911,0.0,98.14954576223636,6118.295688426371
7912,0.0,98.14954576223636,6118.295688426371
7913,0.0,73.61215932167728,3864.999655777157
7914,18355.32281201925,49.074772881118186,1611.7036231279435
7915,0.0,24.537386440559093,0.0
7916,0.0,0.0,0.0
7917,0.0,0.0,0.0
7918,0.0,0.0,0.0
7919,0.0,0.0,0.0
7920,18974.97436414013,0.0,0.0
7921,0.0,0.0,0.0
7922,0.0,0.0,0.0
7923,0.0,0.0,1754.3776029448352
7924,0.0,0.0,1754.3776029448352
7925,0.0,0.0,1754.3776029448352
7926,19594.625916261008,0.0,1754.3776029448352
7927,0.0,0.0,1754.3776029448352
7928,0.0,0.0,0.0
7929,0.0,0.0,0.0
7930,0.0,0.0,0.0
7931,0.0,0.0,0.0
7932,20214.27746838189,0.0,2095.565310363769
7933,0.0,0.0,4191.130620727538
7934,0.0,0.0,6286.695931091308
7935,0.0,0.0,6286.695931091308
7936,0.0,0.0,6286.695931091308
7937,0.0,0.0,5868.809857370567
7938,20833.929020502765,0.0,3615.5138247213526
7939,0.0,0.0,1362.2177920721388
7940,0.0,0.0,0.0
7941,0.0,0.0,0.0
7942,0.0,0.0,0.0
7943,0.0,0.0,0.0
7944,21453.580572623643,0.0,0.0
7945,0.0,0.0,0.0
7946,0.0,0.0,0.0
7947,0.0,0.0,0.0
7948,0.0,0.0,0.0
7949,0.0,0.0,0.0
7950,22073.23212474452,0.0,0.0
7951,0.0,0.0,0.0
7952,0.0,0.0,0.0
7953,0.0,0.0,0.0
7954,0.0,0.0,0.0
7955,0.0,0.0,0.0
7956,22692.8836768654,0.0,0.0
7957,0.0,0.0,64.53050803960748
7958,0.0,0.0,157.7307222854447
7959,0.0,0.0,2253.296032649214
7960,0.0,0.0,2253.296032649214
7961,0.0,0.0,2253.296032649214
7962,23312.53522898628,0.0,0.0
7963,0.0,0.0,0.0
7964,0.0,0.0,0.0
7965,0.0,0.0,0.0
7966,0.0,0.0,0.0
7967,0.0,0.0,0.0
7968,23932.18678110716,0.0,2095.565310363769
7969,0.0,0.0,4191.130620727538
7970,0.0,0.0,4500.869379272463
7971,0.0,0.0,4500.869379272463
7972,0.0,0.0,6596.434689636231
7973,0.0,0.0,8692.0
7974,24551.838333228035,0.0,8692.0
7975,0.0,0.0,8692.0
7976,0.0,0.0,8692.0
7977,0.0,0.0,8692.0
7978,0.0,0.0,8692.0
7979,0.0,47.11178196587346,8692.0
7980,25171.489885348918,94.22356393174692,8692.0
7981,0.0,141.3353458976204,8692.0
7982,0.0,188.44712786349385,8692.0
7983,0.0,235.5589098293673,8692.0
7984,0.0,272.0,8692.0
7985,0.0,272.0,8692.0
7986,25791.141437469792,272.0,6438.703967350786
7987,0.0,272.0,4185.407934701572
7988,0.0,272.0,4185.407934701572
7989,0.0,272.0,4185.407934701572
7990,0.0,272.0,4185.407934701572
7991,0.0,272.0,4185.407934701572
7992,26410.79298959067,272.0,4500.869379272463
7993,0.0,272.0,6596.434689636231
7994,0.0,272.0,6596.434689636231
7995,0.0,272.0,8692.0
7996,0.0,272.0,8692.0
7997,0.0,272.0,8692.0
7998,27030.44454171155,272.0,8692.0
7999,0.0,272.0,8692.0
8000,0.0,272.0,8692.0
8001,0.0,272.0,8692.0
8002,0.0,272.0,8293.611411023423
8003,0.0,272.0,8293.611411023423
8004,27650.096093832428,272.0,8293.611411023423
8005,0.0,272.0,8293.611411023423
8006,0.0,272.0,8293.611411023423
8007,0.0,272.0,8293.611411023423
8008,0.0,272.0,8293.611411023423
8009,0.0,272.0,8293.611411023423
8010,28269.747645953303,272.0,6040.315378374209
8011,0.0,272.0,3787.019345724995
8012,0.0,272.0,3787.019345724995
8013,0.0,272.0,3787.019345724995
8014,0.0,272.0,3787.019345724995
8015,0.0,272.0,3787.019345724995
8016,28889.399198074185,272.0,5882.584656088764
8017,0.0,272.0,5882.584656088764
8018,0.0,272.0,7978.149966452533
8019,0.0,272.0,8692.0
8020,0.0,272.0,8692.0
8021,0.0,272.0,8692.0
8022,29509.050750195063,272.0,8692.0
8023,0.0,272.0,8692.0
8024,0.0,272.0,8692.0
8025,0.0,272.0,7237.585672738251
8026,0.0,272.0,4984.289640089037
8027,0.0,272.0,2730.993607439824
8028,29458.05466811301,272.0,753.6486873609425
8029,0.0,272.0,0.0
8030,0.0,272.0,0.0
8031,0.0,272.0,298.9826737329228
8032,0.0,272.0,2115.28911842374
8033,0.0,272.0,2253.296032649214
8034,28806.538176829785,272.0,0.0
8035,0.0,272.0,0.0
8036,0.0,272.0,0.0
8037,0.0,272.0,0.0
8038,0.0,272.0,0.0
8039,0.0,272.0,0.0
8040,28155.02168554656,272.0,2095.565310363769
8041,0.0,272.0,2344.82134149725
8042,0.0,272.0,4144.6585688465975
8043,0.0,272.0,6240.223879210367
8044,0.0,272.0,7217.704506211396
8045,0.0,272.0,8692.0
8046,27503.505194263333,272.0,8692.0
8047,0.0,272.0,8692.0
8048,0.0,272.0,6549.504995413974
8049,0.0,272.0,4296.20896276476
8050,0.0,272.0,4296.20896276476
8051,0.0,272.0,4296.20896276476
8052,26851.988702980107,272.0,4296.20896276476
8053,0.0,272.0,4500.869379272463
8054,0.0,272.0,6596.434689636231
8055,0.0,272.0,6596.434689636231
8056,0.0,272.0,8692.0
8057,0.0,272.0,8692.0
8058,26200.47221169688,272.0,6438.703967350786
8059,0.0,272.0,6438.703967350786
8060,0.0,272.0,4998.280671323518
8061,0.0,272.0,2744.984638674304
8062,0.0,272.0,491.68860602508994
8063,0.0,272.0,491.68860602508994
8064,25548.95572041365,272.0,491.68860602508994
8065,0.0,272.0,852.0578660956085
8066,0.0,272.0,852.0578660956085
8067,0.0,272.0,2129.3413416727094
8068,0.0,272.0,2129.3413416727094
8069,0.0,272.0,2129.3413416727094
8070,24897.43922913043,272.0,2129.3413416727094
8071,0.0,272.0,0.0
8072,0.0,272.0,0.0
8073,0.0,272.0,0.0
8074,0.0,272.0,0.0
8075,0.0,272.0,0.0
8076,24245.9227378472,272.0,1018.163379021122
8077,0.0,272.0,1018.163379021122
8078,0.0,272.0,1018.163379021122
8079,0.0,272.0,2253.296032649214
8080,0.0,272.0,2253.296032649214
8081,0.0,272.0,2253.296032649214
8082,23594.406246563976,272.0,0.0
8083,0.0,272.0,0.0
8084,0.0,272.0,0.0
8085,0.0,272.0,0.0
8086,0.0,272.0,0.0
8087,0.0,272.0,0.0
8088,22942.88975528075,272.0,0.0
8089,0.0,272.0,0.0
8090,0.0,272.0,1756.4779157616915
8091,0.0,272.0,2253.296032649214
8092,0.0,272.0,2253.296032649214
8093,0.0,272.0,2253.296032649214
8094,23562.54130740163,272.0,2253.296032649214
8095,0.0,272.0,0.0
8096,0.0,272.0,0.0
8097,0.0,272.0,0.0
8098,0.0,272.0,0.0
8099,0.0,272.0,0.0
8100,24182.192859522507,272.0,2095.565310363769
8101,0.0,272.0,2525.5965714973345
8102,0.0,272.0,2721.8378342505453
8103,0.0,272.0,2721.8378342505453
8104,0.0,272.0,4506.592065298428
8105,0.0,272.0,4506.592065298428
8106,24801.844411643386,272.0,2253.296032649214
8107,0.0,272.0,0.0
8108,0.0,272.0,0.0
8109,0.0,272.0,0.0
8110,0.0,272.0,0.0
8111,0.0,272.0,0.0
8112,25421.495963764264,272.0,0.0
8113,0.0,272.0,0.0
8114,0.0,272.0,0.0
8115,0.0,272.0,0.0
8116,0.0,272.0,0.0
8117,0.0,272.0,0.0
8118,26041.147515885143,272.0,0.0
8119,0.0,272.0,0.0
8120,0.0,272.0,0.0
8121,0.0,272.0,0.0
8122,0.0,272.0,0.0
8123,0.0,272.0,0.0
8124,26660.79906800602,272.0,1230.7188695524958
8125,0.0,272.0,1230.7188695524958
8126,0.0,272.0,2253.296032649214
8127,0.0,272.0,2253.296032649214
8128,0.0,272.0,2253.296032649214
8129,0.0,272.0,2253.296032649214
8130,27280.4506201269,272.0,0.0
8131,0.0,272.0,0.0
8132,0.0,272.0,0.0
8133,0.0,272.0,0.0
8134,0.0,272.0,0.0
8135,0.0,272.0,0.0
8136,27900.102172247774,272.0,2095.565310363769
8137,0.0,272.0,4191.130620727538
8138,0.0,272.0,6286.695931091308
8139,0.0,272.0,6686.692579957778
8140,0.0,272.0,6686.692579957778
8141,0.0,272.0,6686.692579957778
8142,28519.753724368657,272.0,6686.692579957778
8143,0.0,272.0,5381.813184171215
8144,0.0,272.0,5381.813184171215
8145,0.0,272.0,5381.813184171215
8146,0.0,272.0,5381.813184171215
8147,0.0,272.0,6596.434689636231
8148,29139.40527648953,272.0,8692.0
8149,0.0,272.0,8692.0
8150,0.0,272.0,8692.0
8151,0.0,272.0,8692.0
8152,0.0,272.0,8692.0
8153,0.0,272.0,8692.0
8154,29759.056828610414,272.0,7299.705562792717
8155,0.0,272.0,7485.294044006263
8156,0.0,272.0,8692.0
8157,0.0,272.0,8692.0
8158,0.0,272.0,8692.0
8159,0.0,272.0,8692.0
8160,30378.70838073129,272.0,8692.0
8161,0.0,272.0,8692.0
8162,0.0,272.0,8692.0
8163,0.0,272.0,8692.0
8164,0.0,272.0,8692.0
8165,0.0,272.0,8683.441185291851
8166,30998.35993285217,272.0,8234.723976259349
8167,0.0,272.0,6759.888097947642
8168,0.0,272.0,4506.592065298428
8169,0.0,272.0,2253.296032649214
8170,0.0,272.0,0.0
8171,0.0,272.0,0.0
8172,30346.843441568944,272.0,0.0
8173,0.0,272.0,0.0
8174,0.0,272.0,0.0
8175,0.0,272.0,0.0
8176,0.0,272.0,0.0
8177,0.0,272.0,0.0
8178,29695.32695028572,272.0,0.0
8179,0.0,272.0,0.0
8180,0.0,272.0,0.0
8181,0.0,272.0,0.0
8182,0.0,272.0,0.0
8183,0.0,272.0,0.0
8184,29043.81045900249,272.0,0.0
8185,0.0,272.0,2095.565310363769
8186,0.0,272.0,3348.937566489556
8187,0.0,272.0,3526.074530736403
8188,0.0,272.0,5057.836719047227
8189,0.0,272.0,7153.402029410996
8190,28392.293967719263,272.0,7153.402029410996
8191,0.0,272.0,4900.105996761782
8192,0.0,272.0,2646.809964112568
8193,0.0,272.0,393.5139314633544
8194,0.0,272.0,0.0
8195,0.0,272.0,0.0
8196,27740.77747643604,272.0,1841.186211572876
8197,0.0,272.0,3936.751521936645
8198,0.0,272.0,6032.316832300414
8199,0.0,272.0,6635.157396405526
8200,0.0,272.0,6635.157396405526
8201,0.0,272.0,4506.592065298428
8202,27089.26098515281,272.0,2253.296032649214
8203,0.0,272.0,0.0
8204,0.0,272.0,0.0
8205,0.0,272.0,0.0
8206,0.0,272.0,0.0
8207,0.0,272.0,0.0
8208,26563.14001606994,272.0,0.0
8209,0.0,272.0,1176.1102833014393
8210,0.0,272.0,2663.993646047006
8211,0.0,272.0,4327.409454931645
8212,0.0,272.0,4777.910085392157
8213,0.0,272.0,6873.475395755926
8214,27182.79156819082,272.0,8692.0
8215,0.0,272.0,7524.39395580518
8216,0.0,272.0,5271.097923155966
8217,0.0,272.0,3017.801890506752
8218,0.0,272.0,764.5058578575381
8219,0.0,272.0,764.5058578575381
8220,27802.4431203117,272.0,2860.0711682213077
8221,0.0,272.0,3053.1230317390887
8222,0.0,272.0,5148.688342102858
8223,0.0,272.0,7244.253652466627
8224,0.0,272.0,7244.253652466627
8225,0.0,272.0,4990.957619817413
8226,28422.094672432577,272.0,2737.6615871681997
8227,0.0,272.0,484.3655545189855
8228,0.0,272.0,0.0
8229,0.0,272.0,0.0
8230,0.0,272.0,0.0
8231,0.0,272.0,0.0
8232,29041.74622455345,272.0,0.0
8233,0.0,272.0,0.0
8234,0.0,272.0,422.2793112515183
8235,0.0,272.0,422.2793112515183
8236,0.0,272.0,2517.8446216152875
8237,0.0,272.0,4613.409931979057
8238,29661.397776674334,272.0,6632.707128213988
8239,0.0,272.0,4506.592065298428
8240,0.0,272.0,2253.296032649214
8241,0.0,272.0,0.0
8242,0.0,272.0,0.0
8243,0.0,272.0,0.0
8244,30281.04932879521,272.0,0.0
8245,0.0,272.0,1338.9303625470216
8246,0.0,272.0,3434.4956729107907
8247,0.0,272.0,3434.4956729107907
8248,0.0,272.0,5530.06098327456
8249,0.0,272.0,3276.7649506253456
8250,30900.70088091609,272.0,1023.4689179761316
8251,0.0,272.0,1023.4689179761316
8252,0.0,272.0,1023.4689179761316
8253,0.0,272.0,0.0
8254,0.0,272.0,0.0
8255,0.0,272.0,0.0
8256,31520.35243303697,272.0,86.4576252154724
8257,0.0,272.0,2182.0229355792417
8258,0.0,272.0,4277.58824594301
8259,0.0,272.0,4277.58824594301
8260,0.0,272.0,6373.153556306779
8261,0.0,272.0,8468.718866670548
8262,32140.003985157848,272.0,8468.718866670548
8263,0.0,272.0,8468.718866670548
8264,0.0,272.0,6215.422834021334
8265,0.0,272.0,4506.592065298428
8266,0.0,272.0,2253.296032649214
8267,0.0,272.0,2253.296032649214
8268,31488.48749387462,272.0,2253.296032649214
8269,0.0,272.0,2253.296032649214
8270,0.0,272.0,2253.296032649214
8271,0.0,272.0,2253.296032649214
8272,0.0,272.0,2253.296032649214
8273,0.0,272.0,2253.296032649214
8274,30836.9710025914,272.0,0.0
8275,0.0,272.0,0.0
8276,0.0,272.0,0.0
8277,0.0,272.0,0.0
8278,0.0,272.0,0.0
8279,0.0,272.0,0.0
8280,30185.45451130817,272.0,0.0
8281,0.0,272.0,2095.565310363769
8282,0.0,272.0,4191.130620727538
8283,0.0,272.0,6286.695931091308
8284,0.0,272.0,8382.261241455077
8285,0.0,272.0,8382.261241455077
8286,29533.938020024943,272.0,8692.0
8287,0.0,272.0,8692.0
8288,0.0,272.0,8692.0
8289,0.0,272.0,8692.0
8290,0.0,272.0,6438.703967350786
8291,0.0,272.0,6438.703967350786
8292,28882.42152874172,272.0,4185.407934701572
8293,0.0,272.0,2909.749520028533
8294,0.0,272.0,2909.749520028533
8295,0.0,272.0,2909.749520028533
8296,0.0,272.0,2909.749520028533
8297,0.0,272.0,2253.296032649214
8298,28230.90503745849,272.0,0.0
8299,0.0,272.0,0.0
8300,0.0,272.0,0.0
8301,0.0,272.0,0.0
8302,0.0,272.0,0.0
8303,0.0,272.0,0.0
8304,27579.388546175265,272.0,1035.667982968071
8305,0.0,272.0,1035.667982968071
8306,0.0,272.0,1035.667982968071
8307,0.0,272.0,3131.2332933318403
8308,0.0,272.0,5226.79860369561
8309,0.0,272.0,7322.363914059378
8310,26927.87205489204,272.0,8692.0
8311,0.0,272.0,8692.0
8312,0.0,272.0,8692.0
8313,0.0,272.0,8692.0
8314,0.0,272.0,8692.0
8315,0.0,272.0,8692.0
8316,26276.355563608813,272.0,8692.0
8317,0.0,272.0,8692.0
8318,0.0,272.0,8692.0
8319,0.0,272.0,8692.0
8320,0.0,272.0,8692.0
8321,0.0,247.4626135594409,6764.561087273303
8322,25624.839072325587,222.92522711888185,4511.265054624089
8323,0.0,198.38784067832276,2257.9690219748754
8324,0.0,173.85045423776364,717.090801045586
8325,0.0,149.31306779720455,0.0
8326,0.0,124.77568135664546,0.0
8327,0.0,124.77568135664546,0.0
8328,24973.32258104236,124.77568135664546,0.0
8329,0.0,124.77568135664546,0.0
8330,0.0,124.77568135664546,309.73875854492417
8331,0.0,124.77568135664546,309.73875854492417
8332,0.0,124.77568135664546,309.73875854492417
8333,0.0,124.77568135664546,309.73875854492417
8334,24321.80608975913,124.77568135664546,309.73875854492417
8335,0.0,124.77568135664546,309.73875854492417
8336,0.0,124.77568135664546,309.73875854492417
8337,0.0,124.77568135664546,309.73875854492417
8338,0.0,124.77568135664546,309.73875854492417
8339,0.0,124.77568135664546,309.73875854492417
8340,23670.28959847591,124.77568135664546,2405.3040689086934
8341,0.0,124.77568135664546,4500.869379272463
8342,0.0,124.77568135664546,6596.434689636231
8343,0.0,124.77568135664546,8692.0
8344,0.0,124.77568135664546,8692.0
8345,0.0,124.77568135664546,8692.0
8346,23018.773107192683,100.23829491608636,6438.703967350786
8347,0.0,75.70090847552729,4185.407934701572
8348,0.0,75.70090847552729,2353.0605392498765
8349,0.0,75.70090847552729,752.0921760648348
8350,0.0,75.70090847552729,262.0616900000201
8351,0.0,75.70090847552729,262.0616900000201
8352,22367.256615909457,75.70090847552729,262.0616900000201
8353,0.0,75.70090847552729,1728.99746139437
8354,0.0,75.70090847552729,3822.511288700257
8355,0.0,75.70090847552729,4802.2444654298815
8356,0.0,75.70090847552729,5345.832138409278
8357,0.0,75.70090847552729,6550.818229155049
8358,21715.74012462623,75.70090847552729,7035.046354527014
8359,0.0,51.1635220349682,6751.048595705028
8360,0.0,49.074772881118186,4506.592065298428
8361,0.0,24.537386440559093,2253.296032649214
8362,0.0,0.0,0.0
8363,0.0,0.0,0.0
8364,21064.223633343005,0.0,0.0
8365,0.0,0.0,0.0
8366,0.0,0.0,0.0
8367,0.0,0.0,0.0
8368,0.0,0.0,0.0
8369,0.0,0.0,0.0
8370,20412.70714205978,0.0,0.0
8371,0.0,0.0,0.0
8372,0.0,0.0,0.0
8373,0.0,0.0,0.0
8374,0.0,0.0,0.0
8375,0.0,0.0,0.0
8376,19761.190650776556,0.0,0.0
8377,0.0,0.0,0.0
8378,0.0,0.0,0.0
8379,0.0,0.0,1862.6008105166293
8380,0.0,0.0,1862.6008105166293
8381,0.0,0.0,3958.1661208803994
8382,19109.674159493326,0.0,4892.035689182893
8383,0.0,0.0,2638.7396565336794
8384,0.0,0.0,2253.296032649214
8385,0.0,0.0,0.0
8386,0.0,0.0,0.0
8387,0.0,0.0,0.0
8388,18458.1576682101,0.0,0.0
8389,0.0,0.0,157.7307222854447
8390,0.0,0.0,157.7307222854447
8391,0.0,0.0,2253.296032649214
8392,0.0,0.0,2253.296032649214
8393,0.0,0.0,2253.296032649214
8394,17806.641176926874,0.0,2253.296032649214
8395,0.0,0.0,2253.296032649214
8396,0.0,0.0,0.0
8397,0.0,0.0,0.0
8398,0.0,0.0,0.0
8399,0.0,0.0,0.0
8400,17155.12468564365,0.0,0.0
8401,0.0,0.0,0.0
8402,0.0,0.0,0.0
8403,0.0,0.0,1958.6291182530117
8404,0.0,0.0,4054.194428616781
8405,0.0,0.0,4054.194428616781
8406,16503.608194360422,0.0,4054.194428616781
8407,0.0,0.0,2253.296032649214
8408,0.0,0.0,2253.296032649214
8409,0.0,0.0,0.0
8410,0.0,0.0,0.0
8411,0.0,0.0,0.0
8412,15852.091703077196,0.0,0.0
8413,0.0,0.0,0.0
8414,0.0,0.0,0.0
8415,0.0,0.0,1348.8187493697726
8416,0.0,0.0,1348.8187493697726
8417,0.0,0.0,1348.8187493697726
8418,15200.57521179397,0.0,1348.8187493697726
8419,0.0,0.0,1348.8187493697726
8420,0.0,0.0,0.0
8421,0.0,0.0,0.0
8422,0.0,0.0,0.0
8423,0.0,0.0,0.0
8424,14549.058720510744,0.0,175.630743307869
8425,0.0,0.0,1716.2857411632276
8426,0.0,0.0,3811.851051526997
8427,0.0,0.0,5907.416361890766
8428,0.0,0.0,5907.416361890766
8429,0.0,0.0,5907.416361890766
8430,13897.542229227518,0.0,5907.416361890766
8431,0.0,0.0,5907.416361890766
8432,0.0,0.0,5907.416361890766
8433,0.0,0.0,4506.592065298428
8434,0.0,0.0,4506.592065298428
8435,0.0,0.0,4506.592065298428
8436,14517.193781348396,0.0,4506.592065298428
8437,0.0,0.0,4506.592065298428
8438,0.0,0.0,4506.592065298428
8439,0.0,0.0,4506.592065298428
8440,0.0,0.0,4506.592065298428
8441,0.0,0.0,4506.592065298428
8442,15136.845333469277,0.0,2253.296032649214
8443,0.0,0.0,2253.296032649214
8444,0.0,0.0,0.0
8445,0.0,0.0,0.0
8446,0.0,0.0,0.0
8447,0.0,0.0,0.0
8448,15756.496885590152,0.0,0.0
8449,0.0,0.0,0.0
8450,0.0,0.0,0.0
8451,0.0,0.0,0.0
8452,0.0,0.0,0.0
8453,0.0,0.0,0.0
8454,16376.148437711032,0.0,0.0
8455,0.0,0.0,0.0
8456,0.0,0.0,0.0
8457,0.0,0.0,0.0
8458,0.0,0.0,0.0
8459,0.0,0.0,765.2181762899696
8460,16995.79998983191,0.0,1270.9632488389204
8461,0.0,0.0,3241.0810976782086
8462,0.0,0.0,3241.0810976782086
8463,0.0,0.0,3241.0810976782086
8464,0.0,0.0,3241.0810976782086
8465,0.0,0.0,2253.296032649214
8466,17615.45154195279,0.0,0.0
8467,0.0,0.0,0.0
8468,0.0,0.0,0.0
8469,0.0,0.0,0.0
8470,0.0,0.0,0.0
8471,0.0,0.0,0.0
8472,18235.103094073667,0.0,0.0
8473,0.0,0.0,2095.565310363769
8474,0.0,0.0,2095.565310363769
8475,0.0,0.0,2126.20921812771
8476,0.0,0.0,4221.774528491479
8477,0.0,0.0,4221.774528491479
8478,18854.754646194546,0.0,5606.372837430725
8479,0.0,0.0,5606.372837430725
8480,0.0,0.0,7701.938147794494
8481,0.0,0.0,7701.938147794494
8482,0.0,0.0,7701.938147794494
8483,0.0,0.0,7701.938147794494
8484,19474.406198315424,0.0,8692.0
8485,0.0,0.0,8692.0
8486,0.0,0.0,8692.0
8487,0.0,0.0,8692.0
8488,0.0,0.0,8692.0
8489,0.0,0.0,6438.703967350786
8490,20094.057750436303,0.0,4185.407934701572
8491,0.0,0.0,1932.1119020523583
8492,0.0,0.0,0.0
8493,0.0,0.0,0.0
8494,0.0,0.0,0.0
8495,0.0,0.0,0.0
8496,20713.70930255718,0.0,0.0
8497,0.0,0.0,0.0
8498,0.0,0.0,157.7307222854447
8499,0.0,0.0,2253.296032649214
8500,0.0,0.0,2253.296032649214
8501,0.0,0.0,2253.296032649214
8502,21333.36085467806,0.0,2253.296032649214
8503,0.0,0.0,0.0
8504,0.0,0.0,0.0
8505,0.0,0.0,0.0
8506,0.0,0.0,0.0
8507,0.0,0.0,309.73875854492417
8508,21953.012406798935,0.0,309.73875854492417
8509,0.0,0.0,2405.3040689086934
8510,0.0,0.0,4500.869379272463
8511,0.0,0.0,6596.434689636231
8512,0.0,0.0,8692.0
8513,0.0,0.0,8692.0
8514,22572.663958919817,0.0,6438.703967350786
8515,0.0,0.0,4185.407934701572
8516,0.0,0.0,1932.1119020523583
8517,0.0,0.0,0.0
8518,0.0,0.0,0.0
8519,0.0,0.0,1848.3853483564924
8520,23192.31551104069,0.0,1848.3853483564924
8521,0.0,0.0,1848.3853483564924
8522,0.0,0.0,1848.3853483564924
8523,0.0,0.0,2405.3040689086934
8524,0.0,0.0,4500.869379272463
8525,0.0,0.0,6596.434689636231
8526,23811.967063161574,0.0,8692.0
8527,0.0,0.0,8692.0
8528,0.0,0.0,8692.0
8529,0.0,0.0,8692.0
8530,0.0,0.0,8692.0
8531,0.0,0.0,8692.0
8532,24431.61861528245,0.0,8692.0
8533,0.0,0.0,8692.0
8534,0.0,0.0,8457.853434409019
8535,0.0,0.0,7715.8409510477295
8536,0.0,0.0,5462.544918398516
8537,0.0,0.0,4310.669302307383
8538,25051.27016740333,0.0,2057.373269658169
8539,0.0,0.0,2057.373269658169
8540,0.0,0.0,2057.373269658169
8541,0.0,0.0,0.0
8542,0.0,0.0,0.0
8543,0.0,0.0,0.0
8544,25670.92171952421,0.0,0.0
8545,0.0,0.0,2095.565310363769
8546,0.0,0.0,4191.130620727538
8547,0.0,0.0,4191.130620727538
8548,0.0,0.0,4191.130620727538
8549,0.0,47.11178196587346,4191.130620727538
8550,26290.573271645088,47.11178196587346,4191.130620727538
8551,0.0,47.11178196587346,4191.130620727538
8552,0.0,47.11178196587346,4191.130620727538
8553,0.0,47.11178196587346,4191.130620727538
8554,0.0,47.11178196587346,3350.1650281869843
8555,0.0,94.22356393174692,3350.1650281869843
8556,26910.22482376597,141.3353458976204,5445.730338550753
8557,0.0,188.44712786349385,5445.730338550753
8558,0.0,235.5589098293673,6596.434689636231
8559,0.0,272.0,8692.0
8560,0.0,272.0,8692.0
8561,0.0,272.0,8692.0
8562,27529.876375886844,272.0,6438.703967350786
8563,0.0,272.0,4599.33732738133
8564,0.0,272.0,4599.33732738133
8565,0.0,272.0,2346.0412947321165
8566,0.0,272.0,92.74526208290264
8567,0.0,272.0,92.74526208290264
8568,28149.527928007723,272.0,92.74526208290264
8569,0.0,272.0,92.74526208290264
8570,0.0,272.0,92.74526208290264
8571,0.0,272.0,2022.976085473343
8572,0.0,272.0,2022.976085473343
8573,0.0,272.0,4118.541395837112
8574,28769.1794801286,272.0,6214.106706200881
8575,0.0,272.0,6214.106706200881
8576,0.0,272.0,3960.810673551666
8577,0.0,272.0,1707.5146409024524
8578,0.0,272.0,0.0
8579,0.0,272.0,0.0
8580,29388.83103224948,272.0,2095.565310363769
8581,0.0,272.0,4191.130620727538
8582,0.0,272.0,6286.695931091308
8583,0.0,272.0,6286.695931091308
8584,0.0,272.0,6286.695931091308
8585,0.0,272.0,4033.399898442094
8586,30008.48258437036,272.0,1780.1038657928802
8587,0.0,272.0,0.0
8588,0.0,272.0,0.0
8589,0.0,272.0,0.0
8590,0.0,272.0,0.0
8591,0.0,272.0,0.0
8592,30628.13413649124,272.0,2095.565310363769
8593,0.0,272.0,2095.565310363769
8594,0.0,272.0,2095.565310363769
8595,0.0,272.0,2405.3040689086934
8596,0.0,272.0,4500.869379272463
8597,0.0,272.0,6596.434689636231
8598,31247.785688612115,272.0,8692.0
8599,0.0,272.0,8692.0
8600,0.0,272.0,8692.0
8601,0.0,272.0,8692.0
8602,0.0,272.0,8692.0
8603,0.0,272.0,8692.0
8604,31867.437240732997,272.0,8692.0
8605,0.0,272.0,8692.0
8606,0.0,272.0,8692.0
8607,0.0,272.0,8692.0
8608,0.0,272.0,8692.0
8609,0.0,272.0,8692.0
8610,32487.088792853872,272.0,6438.703967350786
8611,0.0,272.0,6438.703967350786
8612,0.0,272.0,4185.407934701572
8613,0.0,272.0,4185.407934701572
8614,0.0,272.0,2253.296032649214
8615,0.0,272.0,0.0
8616,33106.74034497475,272.0,2095.565310363769
8617,0.0,272.0,2095.565310363769
8618,0.0,272.0,2095.565310363769
8619,0.0,272.0,2095.565310363769
8620,0.0,272.0,2095.565310363769
8621,0.0,272.0,4191.130620727538
8622,33726.39189709563,272.0,4191.130620727538
8623,0.0,272.0,1937.8345880783245
8624,0.0,272.0,1937.8345880783245
8625,0.0,272.0,1937.8345880783245
8626,0.0,272.0,157.7307222854447
8627,0.0,272.0,157.7307222854447
8628,34346.04344921651,272.0,2253.296032649214
8629,0.0,272.0,2253.296032649214
8630,0.0,272.0,2253.296032649214
8631,0.0,272.0,2253.296032649214
8632,0.0,272.0,2253.296032649214
8633,0.0,272.0,2253.296032649214
8634,34965.695001337386,272.0,0.0
8635,0.0,272.0,0.0
8636,0.0,272.0,0.0
8637,0.0,272.0,0.0
8638,0.0,272.0,0.0
8639,0.0,272.0,0.0
8640,35585.346553458265,272.0,2095.565310363769
8641,0.0,272.0,4191.130620727538
8642,0.0,272.0,6286.695931091308
8643,0.0,272.0,6286.695931091308
8644,0.0,272.0,8382.261241455077
8645,0.0,272.0,8692.0
8646,36204.99810557914,272.0,8692.0
8647,0.0,272.0,6438.703967350786
8648,0.0,272.0,6438.703967350786
8649,0.0,272.0,6438.703967350786
8650,0.0,272.0,6438.703967350786
8651,0.0,272.0,6438.703967350786
8652,36824.64965770002,272.0,6438.703967350786
8653,0.0,272.0,6438.703967350786
8654,0.0,272.0,8534.269277714555
8655,0.0,272.0,8692.0
8656,0.0,272.0,8692.0
8657,0.0,272.0,8692.0
8658,37444.3012098209,247.4626135594409,8065.139079579659
8659,0.0,222.92522711888185,7845.601379771008
8660,0.0,198.38784067832276,6047.138022348335
8661,0.0,173.85045423776364,3793.841989699121
8662,0.0,149.31306779720455,1540.545957049907
8663,0.0,124.77568135664546,0.0
8664,36792.78471853768,100.23829491608636,0.0
8665,0.0,100.23829491608636,0.0
8666,0.0,100.23829491608636,0.0
8667,0.0,100.23829491608636,0.0
8668,0.0,100.23829491608636,0.0
8669,0.0,100.23829491608636,0.0
8670,36141.26822725445,100.23829491608636,0.0
8671,0.0,100.23829491608636,0.0
8672,0.0,100.23829491608636,0.0
8673,0.0,100.23829491608636,0.0
8674,0.0,100.23829491608636,0.0
8675,0.0,100.23829491608636,0.0
8676,35489.75173597122,100.23829491608636,593.5769602035767
8677,0.0,100.23829491608636,2471.6149497683577
8678,0.0,100.23829491608636,4567.180260132127
8679,0.0,100.23829491608636,6662.745570495896
8680,0.0,100.23829491608636,6662.745570495896
8681,0.0,100.23829491608636,4409.449537846682
8682,34838.235244688,100.23829491608636,2156.1535051974674
8683,0.0,100.23829491608636,99.97511207206982
8684,0.0,100.23829491608636,0.0
8685,0.0,100.23829491608636,0.0
8686,0.0,100.23829491608636,0.0
8687,0.0,100.23829491608636,0.0
8688,35457.886796808874,100.23829491608636,0.0
8689,0.0,100.23829491608636,0.0
8690,0.0,100.23829491608636,2095.565310363769
8691,0.0,100.23829491608636,2095.565310363769
8692,0.0,100.23829491608636,2095.565310363769
8693,0.0,100.23829491608636,2095.565310363769
8694,36077.53834892975,100.23829491608636,4191.130620727538
8695,0.0,100.23829491608636,1937.8345880783245
8696,0.0,100.23829491608636,427.5951406788745
8697,0.0,100.23829491608636,0.0
8698,0.0,100.23829491608636,0.0
8699,0.0,100.23829491608636,2095.565310363769
8700,36697.18990105063,100.23829491608636,2475.0622444037413
8701,0.0,100.23829491608636,4570.62755476751
8702,0.0,100.23829491608636,6666.192865131279
8703,0.0,100.23829491608636,6759.888097947642
8704,0.0,100.23829491608636,4506.592065298428
8705,0.0,100.23829491608636,2253.296032649214
8706,37316.84145317151,100.23829491608636,0.0
8707,0.0,100.23829491608636,0.0
8708,0.0,100.23829491608636,0.0
8709,0.0,100.23829491608636,0.0
8710,0.0,100.23829491608636,0.0
8711,0.0,100.23829491608636,0.0
8712,37936.49300529239,100.23829491608636,0.0
8713,0.0,100.23829491608636,1817.611596981942
8714,0.0,100.23829491608636,3913.1769073457112
8715,0.0,100.23829491608636,6008.74221770948
8716,0.0,100.23829491608636,8104.307528073248
8717,0.0,100.23829491608636,8104.307528073248
8718,38556.14455741327,100.23829491608636,8692.0
8719,0.0,100.23829491608636,6438.703967350786
8720,0.0,100.23829491608636,4506.592065298428
8721,0.0,100.23829491608636,2253.296032649214
8722,0.0,100.23829491608636,0.0
8723,0.0,100.23829491608636,0.0
8724,39175.79610953415,100.23829491608636,0.0
8725,0.0,100.23829491608636,0.0
8726,0.0,100.23829491608636,853.291346438269
8727,0.0,100.23829491608636,1668.4944966451967
8728,0.0,100.23829491608636,1668.4944966451967
8729,0.0,100.23829491608636,1668.4944966451967
8730,39795.447661655024,100.23829491608636,1668.4944966451967
8731,0.0,100.23829491608636,1668.4944966451967
8732,0.0,100.23829491608636,1668.4944966451967
8733,0.0,100.23829491608636,1668.4944966451967
8734,0.0,100.23829491608636,1668.4944966451967
8735,0.0,100.23829491608636,1668.4944966451967
8736,40415.0992137759,100.23829491608636,1668.4944966451967
8737,0.0,100.23829491608636,3764.059807008966
8738,0.0,100.23829491608636,4423.621895736957
8739,0.0,100.23829491608636,4500.869379272463
8740,0.0,100.23829491608636,6596.434689636231
8741,0.0,100.23829491608636,6596.434689636231
8742,41034.75076589678,100.23829491608636,8692.0
8743,0.0,100.23829491608636,8692.0
8744,0.0,100.23829491608636,8692.0
8745,0.0,100.23829491608636,6556.534615211074
8746,0.0,100.23829491608636,4303.23858256186
8747,0.0,100.23829491608636,4303.23858256186
8748,41654.40231801766,100.23829491608636,4436.907612486566
8749,0.0,100.23829491608636,6532.472922850335
8750,0.0,136.0,8255.071996927416
8751,0.0,136.0,8692.0
8752,0.0,136.0,8692.0
8753,0.0,136.0,6459.726853873955
8754,42274.05387013854,136.0,4206.4308212247415
8755,0.0,136.0,2250.434689636231
8756,0.0,136.0,2250.434689636231
8757,0.0,136.0,2250.434689636231
8758,0.0,136.0,2250.434689636231
8759,0.0,136.0,2250.434689636231
8760,42893.705422259416,136.0,4346.0
